/*
SQLyog Professional v12.09 (64 bit)
MySQL - 5.5.27 : Database - febs_base
*********************************************************************
*/

/*!40101 SET NAMES utf8 */;

/*!40101 SET SQL_MODE=''*/;

/*!40014 SET @OLD_UNIQUE_CHECKS=@@UNIQUE_CHECKS, UNIQUE_CHECKS=0 */;
/*!40014 SET @OLD_FOREIGN_KEY_CHECKS=@@FOREIGN_KEY_CHECKS, FOREIGN_KEY_CHECKS=0 */;
/*!40101 SET @OLD_SQL_MODE=@@SQL_MODE, SQL_MODE='NO_AUTO_VALUE_ON_ZERO' */;
/*!40111 SET @OLD_SQL_NOTES=@@SQL_NOTES, SQL_NOTES=0 */;
CREATE DATABASE /*!32312 IF NOT EXISTS*/`febs_base` /*!40100 DEFAULT CHARACTER SET utf8 */;

USE `febs_base`;

/*Table structure for table `qrtz_blob_triggers` */

DROP TABLE IF EXISTS `qrtz_blob_triggers`;

CREATE TABLE `qrtz_blob_triggers` (
  `SCHED_NAME` varchar(120) NOT NULL,
  `TRIGGER_NAME` varchar(200) NOT NULL,
  `TRIGGER_GROUP` varchar(200) NOT NULL,
  `BLOB_DATA` blob,
  PRIMARY KEY (`SCHED_NAME`,`TRIGGER_NAME`,`TRIGGER_GROUP`),
  CONSTRAINT `qrtz_blob_triggers_ibfk_1` FOREIGN KEY (`SCHED_NAME`, `TRIGGER_NAME`, `TRIGGER_GROUP`) REFERENCES `qrtz_triggers` (`SCHED_NAME`, `TRIGGER_NAME`, `TRIGGER_GROUP`)
) ENGINE=InnoDB DEFAULT CHARSET=utf8;

/*Data for the table `qrtz_blob_triggers` */

/*Table structure for table `qrtz_calendars` */

DROP TABLE IF EXISTS `qrtz_calendars`;

CREATE TABLE `qrtz_calendars` (
  `SCHED_NAME` varchar(120) NOT NULL,
  `CALENDAR_NAME` varchar(200) NOT NULL,
  `CALENDAR` blob NOT NULL,
  PRIMARY KEY (`SCHED_NAME`,`CALENDAR_NAME`)
) ENGINE=InnoDB DEFAULT CHARSET=utf8;

/*Data for the table `qrtz_calendars` */

/*Table structure for table `qrtz_cron_triggers` */

DROP TABLE IF EXISTS `qrtz_cron_triggers`;

CREATE TABLE `qrtz_cron_triggers` (
  `SCHED_NAME` varchar(120) NOT NULL,
  `TRIGGER_NAME` varchar(200) NOT NULL,
  `TRIGGER_GROUP` varchar(200) NOT NULL,
  `CRON_EXPRESSION` varchar(200) NOT NULL,
  `TIME_ZONE_ID` varchar(80) DEFAULT NULL,
  PRIMARY KEY (`SCHED_NAME`,`TRIGGER_NAME`,`TRIGGER_GROUP`),
  CONSTRAINT `qrtz_cron_triggers_ibfk_1` FOREIGN KEY (`SCHED_NAME`, `TRIGGER_NAME`, `TRIGGER_GROUP`) REFERENCES `qrtz_triggers` (`SCHED_NAME`, `TRIGGER_NAME`, `TRIGGER_GROUP`)
) ENGINE=InnoDB DEFAULT CHARSET=utf8;

/*Data for the table `qrtz_cron_triggers` */

/*Table structure for table `qrtz_fired_triggers` */

DROP TABLE IF EXISTS `qrtz_fired_triggers`;

CREATE TABLE `qrtz_fired_triggers` (
  `SCHED_NAME` varchar(120) NOT NULL,
  `ENTRY_ID` varchar(95) NOT NULL,
  `TRIGGER_NAME` varchar(200) NOT NULL,
  `TRIGGER_GROUP` varchar(200) NOT NULL,
  `INSTANCE_NAME` varchar(200) NOT NULL,
  `FIRED_TIME` bigint(13) NOT NULL,
  `SCHED_TIME` bigint(13) NOT NULL,
  `PRIORITY` int(11) NOT NULL,
  `STATE` varchar(16) NOT NULL,
  `JOB_NAME` varchar(200) DEFAULT NULL,
  `JOB_GROUP` varchar(200) DEFAULT NULL,
  `IS_NONCONCURRENT` varchar(1) DEFAULT NULL,
  `REQUESTS_RECOVERY` varchar(1) DEFAULT NULL,
  PRIMARY KEY (`SCHED_NAME`,`ENTRY_ID`)
) ENGINE=InnoDB DEFAULT CHARSET=utf8;

/*Data for the table `qrtz_fired_triggers` */

/*Table structure for table `qrtz_job_details` */

DROP TABLE IF EXISTS `qrtz_job_details`;

CREATE TABLE `qrtz_job_details` (
  `SCHED_NAME` varchar(120) NOT NULL,
  `JOB_NAME` varchar(200) NOT NULL,
  `JOB_GROUP` varchar(200) NOT NULL,
  `DESCRIPTION` varchar(250) DEFAULT NULL,
  `JOB_CLASS_NAME` varchar(250) NOT NULL,
  `IS_DURABLE` varchar(1) NOT NULL,
  `IS_NONCONCURRENT` varchar(1) NOT NULL,
  `IS_UPDATE_DATA` varchar(1) NOT NULL,
  `REQUESTS_RECOVERY` varchar(1) NOT NULL,
  `JOB_DATA` blob,
  PRIMARY KEY (`SCHED_NAME`,`JOB_NAME`,`JOB_GROUP`)
) ENGINE=InnoDB DEFAULT CHARSET=utf8;

/*Data for the table `qrtz_job_details` */

/*Table structure for table `qrtz_locks` */

DROP TABLE IF EXISTS `qrtz_locks`;

CREATE TABLE `qrtz_locks` (
  `SCHED_NAME` varchar(120) NOT NULL,
  `LOCK_NAME` varchar(40) NOT NULL,
  PRIMARY KEY (`SCHED_NAME`,`LOCK_NAME`)
) ENGINE=InnoDB DEFAULT CHARSET=utf8;

/*Data for the table `qrtz_locks` */

/*Table structure for table `qrtz_paused_trigger_grps` */

DROP TABLE IF EXISTS `qrtz_paused_trigger_grps`;

CREATE TABLE `qrtz_paused_trigger_grps` (
  `SCHED_NAME` varchar(120) NOT NULL,
  `TRIGGER_GROUP` varchar(200) NOT NULL,
  PRIMARY KEY (`SCHED_NAME`,`TRIGGER_GROUP`)
) ENGINE=InnoDB DEFAULT CHARSET=utf8;

/*Data for the table `qrtz_paused_trigger_grps` */

/*Table structure for table `qrtz_scheduler_state` */

DROP TABLE IF EXISTS `qrtz_scheduler_state`;

CREATE TABLE `qrtz_scheduler_state` (
  `SCHED_NAME` varchar(120) NOT NULL,
  `INSTANCE_NAME` varchar(200) NOT NULL,
  `LAST_CHECKIN_TIME` bigint(13) NOT NULL,
  `CHECKIN_INTERVAL` bigint(13) NOT NULL,
  PRIMARY KEY (`SCHED_NAME`,`INSTANCE_NAME`)
) ENGINE=InnoDB DEFAULT CHARSET=utf8;

/*Data for the table `qrtz_scheduler_state` */

/*Table structure for table `qrtz_simple_triggers` */

DROP TABLE IF EXISTS `qrtz_simple_triggers`;

CREATE TABLE `qrtz_simple_triggers` (
  `SCHED_NAME` varchar(120) NOT NULL,
  `TRIGGER_NAME` varchar(200) NOT NULL,
  `TRIGGER_GROUP` varchar(200) NOT NULL,
  `REPEAT_COUNT` bigint(7) NOT NULL,
  `REPEAT_INTERVAL` bigint(12) NOT NULL,
  `TIMES_TRIGGERED` bigint(10) NOT NULL,
  PRIMARY KEY (`SCHED_NAME`,`TRIGGER_NAME`,`TRIGGER_GROUP`),
  CONSTRAINT `qrtz_simple_triggers_ibfk_1` FOREIGN KEY (`SCHED_NAME`, `TRIGGER_NAME`, `TRIGGER_GROUP`) REFERENCES `qrtz_triggers` (`SCHED_NAME`, `TRIGGER_NAME`, `TRIGGER_GROUP`)
) ENGINE=InnoDB DEFAULT CHARSET=utf8;

/*Data for the table `qrtz_simple_triggers` */

/*Table structure for table `qrtz_simprop_triggers` */

DROP TABLE IF EXISTS `qrtz_simprop_triggers`;

CREATE TABLE `qrtz_simprop_triggers` (
  `SCHED_NAME` varchar(120) NOT NULL,
  `TRIGGER_NAME` varchar(200) NOT NULL,
  `TRIGGER_GROUP` varchar(200) NOT NULL,
  `STR_PROP_1` varchar(512) DEFAULT NULL,
  `STR_PROP_2` varchar(512) DEFAULT NULL,
  `STR_PROP_3` varchar(512) DEFAULT NULL,
  `INT_PROP_1` int(11) DEFAULT NULL,
  `INT_PROP_2` int(11) DEFAULT NULL,
  `LONG_PROP_1` bigint(20) DEFAULT NULL,
  `LONG_PROP_2` bigint(20) DEFAULT NULL,
  `DEC_PROP_1` decimal(13,4) DEFAULT NULL,
  `DEC_PROP_2` decimal(13,4) DEFAULT NULL,
  `BOOL_PROP_1` varchar(1) DEFAULT NULL,
  `BOOL_PROP_2` varchar(1) DEFAULT NULL,
  PRIMARY KEY (`SCHED_NAME`,`TRIGGER_NAME`,`TRIGGER_GROUP`),
  CONSTRAINT `qrtz_simprop_triggers_ibfk_1` FOREIGN KEY (`SCHED_NAME`, `TRIGGER_NAME`, `TRIGGER_GROUP`) REFERENCES `qrtz_triggers` (`SCHED_NAME`, `TRIGGER_NAME`, `TRIGGER_GROUP`)
) ENGINE=InnoDB DEFAULT CHARSET=utf8;

/*Data for the table `qrtz_simprop_triggers` */

/*Table structure for table `qrtz_triggers` */

DROP TABLE IF EXISTS `qrtz_triggers`;

CREATE TABLE `qrtz_triggers` (
  `SCHED_NAME` varchar(120) NOT NULL,
  `TRIGGER_NAME` varchar(200) NOT NULL,
  `TRIGGER_GROUP` varchar(200) NOT NULL,
  `JOB_NAME` varchar(200) NOT NULL,
  `JOB_GROUP` varchar(200) NOT NULL,
  `DESCRIPTION` varchar(250) DEFAULT NULL,
  `NEXT_FIRE_TIME` bigint(13) DEFAULT NULL,
  `PREV_FIRE_TIME` bigint(13) DEFAULT NULL,
  `PRIORITY` int(11) DEFAULT NULL,
  `TRIGGER_STATE` varchar(16) NOT NULL,
  `TRIGGER_TYPE` varchar(8) NOT NULL,
  `START_TIME` bigint(13) NOT NULL,
  `END_TIME` bigint(13) DEFAULT NULL,
  `CALENDAR_NAME` varchar(200) DEFAULT NULL,
  `MISFIRE_INSTR` smallint(2) DEFAULT NULL,
  `JOB_DATA` blob,
  PRIMARY KEY (`SCHED_NAME`,`TRIGGER_NAME`,`TRIGGER_GROUP`),
  KEY `SCHED_NAME` (`SCHED_NAME`,`JOB_NAME`,`JOB_GROUP`),
  CONSTRAINT `qrtz_triggers_ibfk_1` FOREIGN KEY (`SCHED_NAME`, `JOB_NAME`, `JOB_GROUP`) REFERENCES `qrtz_job_details` (`SCHED_NAME`, `JOB_NAME`, `JOB_GROUP`)
) ENGINE=InnoDB DEFAULT CHARSET=utf8;

/*Data for the table `qrtz_triggers` */

/*Table structure for table `t_building` */

DROP TABLE IF EXISTS `t_building`;

CREATE TABLE `t_building` (
  `building_id` bigint(20) NOT NULL AUTO_INCREMENT COMMENT '楼栋编号id(楼栋标识)',
  `village_id` bigint(20) DEFAULT NULL COMMENT '所属小区编号id(小区标识)',
  `building_name` varchar(30) DEFAULT NULL COMMENT '楼栋名称',
  `building_type` int(1) DEFAULT NULL COMMENT '楼栋类型',
  `building_num` int(5) DEFAULT NULL COMMENT '单元数量',
  `remark` varchar(50) DEFAULT NULL COMMENT '备注',
  `create_by` varchar(15) DEFAULT NULL COMMENT '创建者',
  `create_time` datetime DEFAULT NULL COMMENT '创建时间',
  `update_by` varchar(15) DEFAULT NULL COMMENT '更新者',
  `update_time` datetime DEFAULT NULL COMMENT '更新时间',
  `del_flag` int(1) DEFAULT '0' COMMENT '删除标志（0代表存在 1代表删除）',
  `kz_room` int(5) DEFAULT NULL COMMENT '空置房间数',
  `yz_room` int(5) DEFAULT NULL COMMENT '已租房间数',
  `outTime_room` int(5) DEFAULT NULL COMMENT '到期总房间数',
  `total_room` int(6) DEFAULT NULL COMMENT '总房间数',
  PRIMARY KEY (`building_id`)
) ENGINE=InnoDB AUTO_INCREMENT=8 DEFAULT CHARSET=utf8;

/*Data for the table `t_building` */

insert  into `t_building`(`building_id`,`village_id`,`building_name`,`building_type`,`building_num`,`remark`,`create_by`,`create_time`,`update_by`,`update_time`,`del_flag`,`kz_room`,`yz_room`,`outTime_room`,`total_room`) values (3,1,'building02',0,30,'building02',NULL,NULL,NULL,NULL,0,0,1,0,1),(4,5,'duilding06',0,6,'duilding06',NULL,NULL,NULL,NULL,0,0,0,0,0),(5,1,'duilding09',0,12,'duilding09','xxl1015','2019-09-09 15:25:20',NULL,NULL,0,0,0,0,0);

/*Table structure for table `t_contract` */

DROP TABLE IF EXISTS `t_contract`;

CREATE TABLE `t_contract` (
  `id` bigint(20) NOT NULL AUTO_INCREMENT COMMENT 'id',
  `contract_id` varchar(50) NOT NULL COMMENT '合同编号Id',
  `tenant_name` varchar(20) DEFAULT NULL COMMENT '租户姓名',
  `credentials_type` int(1) DEFAULT NULL COMMENT '乙方证件类型',
  `credentials_code` varchar(50) DEFAULT NULL COMMENT '乙方证件号',
  `phone` varchar(11) DEFAULT NULL COMMENT '乙方联系电话',
  `village_address` varchar(50) DEFAULT NULL COMMENT '市/区/小区楼栋单元房间',
  `area` int(3) DEFAULT NULL COMMENT '房屋面积',
  `contract_cycle` int(5) DEFAULT NULL COMMENT '合同周期(月为单位的整型)',
  `effective_time` datetime DEFAULT NULL COMMENT '起效日期(按租户签字时间年-月-日)',
  `tenant_price` decimal(10,0) DEFAULT NULL COMMENT '租金',
  `pay_time` datetime DEFAULT NULL COMMENT '支付周期',
  `contract_status` int(1) DEFAULT NULL COMMENT '状态（有效、实现、到期、待审核、驳回、退租中、退组、未付款、续租）',
  `host_credentials_type` int(11) DEFAULT NULL COMMENT '甲方证件类型',
  `host_credentials_code` varchar(50) DEFAULT NULL COMMENT '甲方证件号',
  `host_phone` varchar(11) DEFAULT NULL COMMENT '甲方联系电话',
  `contract_connet` text COMMENT '合同内容3000字节以内',
  `adjunct` varchar(100) DEFAULT NULL COMMENT '附件(如公章、签名)',
  `remark` varchar(50) DEFAULT NULL COMMENT '备注',
  `create_by` varchar(15) DEFAULT NULL COMMENT '创建者',
  `create_time` datetime DEFAULT NULL COMMENT '创建时间',
  `update_by` varchar(15) DEFAULT NULL COMMENT '更新者',
  `update_time` datetime DEFAULT NULL COMMENT '更新时间',
  `del_flag` int(11) DEFAULT NULL COMMENT '删除标志（0代表存在 1代表删除）',
  PRIMARY KEY (`id`,`contract_id`)
) ENGINE=InnoDB DEFAULT CHARSET=utf8;

/*Data for the table `t_contract` */

/*Table structure for table `t_dept` */

DROP TABLE IF EXISTS `t_dept`;

CREATE TABLE `t_dept` (
  `DEPT_ID` bigint(20) NOT NULL AUTO_INCREMENT COMMENT '部门ID',
  `PARENT_ID` bigint(20) NOT NULL COMMENT '上级部门ID',
  `DEPT_NAME` varchar(100) NOT NULL COMMENT '部门名称',
  `ORDER_NUM` bigint(20) DEFAULT NULL COMMENT '排序',
  `CREATE_TIME` datetime DEFAULT NULL COMMENT '创建时间',
  `MODIFY_TIME` datetime DEFAULT NULL COMMENT '修改时间',
  PRIMARY KEY (`DEPT_ID`) USING BTREE
) ENGINE=InnoDB AUTO_INCREMENT=11 DEFAULT CHARSET=utf8 ROW_FORMAT=DYNAMIC COMMENT='部门表';

/*Data for the table `t_dept` */

insert  into `t_dept`(`DEPT_ID`,`PARENT_ID`,`DEPT_NAME`,`ORDER_NUM`,`CREATE_TIME`,`MODIFY_TIME`) values (1,0,'开发部',1,'2019-06-14 20:56:41',NULL),(2,1,'开发一部',1,'2019-06-14 20:58:46',NULL),(3,1,'开发二部',2,'2019-06-14 20:58:56',NULL),(4,0,'采购部',2,'2019-06-14 20:59:56',NULL),(5,0,'财务部',3,'2019-06-14 21:00:08',NULL),(6,0,'销售部',4,'2019-06-14 21:00:15',NULL),(7,0,'工程部',5,'2019-06-14 21:00:42',NULL),(8,0,'行政部',6,'2019-06-14 21:00:49',NULL),(9,0,'人力资源部',8,'2019-06-14 21:01:14','2019-06-14 21:01:34'),(10,0,'系统部',7,'2019-06-14 21:01:31',NULL);

/*Table structure for table `t_device` */

DROP TABLE IF EXISTS `t_device`;

CREATE TABLE `t_device` (
  `id` bigint(20) NOT NULL AUTO_INCREMENT COMMENT 'id',
  `device_id` varchar(30) DEFAULT NULL COMMENT '设备id',
  `device_name` varchar(30) DEFAULT NULL COMMENT '设备名称',
  `device_type` int(1) DEFAULT NULL COMMENT '设备类型（0水表、1电表、2烟感、3智能锁、4其他）',
  `device_model` varchar(50) DEFAULT NULL COMMENT '设备型号',
  `device_status` int(1) DEFAULT NULL COMMENT '状态(0离线、1在线、2停用)',
  `device_belong` varchar(50) DEFAULT NULL COMMENT '所属(市/区/小区楼栋房间)',
  `effective_year` int(3) DEFAULT NULL COMMENT '有效年限',
  `remark` varchar(50) DEFAULT NULL COMMENT '备注',
  `create_by` varchar(15) DEFAULT NULL COMMENT '创建者',
  `create_time` datetime DEFAULT NULL COMMENT '创建时间',
  `update_by` varchar(15) DEFAULT NULL COMMENT '更新者',
  `update_time` datetime DEFAULT NULL COMMENT '更新时间',
  `del_flag` int(1) DEFAULT NULL COMMENT '删除标志（0代表存在 1代表删除）',
  PRIMARY KEY (`id`)
) ENGINE=InnoDB AUTO_INCREMENT=3 DEFAULT CHARSET=utf8;

/*Data for the table `t_device` */

insert  into `t_device`(`id`,`device_id`,`device_name`,`device_type`,`device_model`,`device_status`,`device_belong`,`effective_year`,`remark`,`create_by`,`create_time`,`update_by`,`update_time`,`del_flag`) values (1,'6323','device01',3,'d_001',1,'xxx',2,'lock','admin','2019-09-03 13:40:33',NULL,NULL,1),(2,'5352',NULL,NULL,NULL,NULL,NULL,NULL,NULL,NULL,NULL,NULL,NULL,NULL);

/*Table structure for table `t_eximport` */

DROP TABLE IF EXISTS `t_eximport`;

CREATE TABLE `t_eximport` (
  `ID` bigint(11) NOT NULL AUTO_INCREMENT,
  `FIELD1` varchar(20) NOT NULL COMMENT '字段1',
  `FIELD2` int(11) NOT NULL COMMENT '字段2',
  `FIELD3` varchar(100) NOT NULL COMMENT '字段3',
  `CREATE_TIME` datetime NOT NULL,
  PRIMARY KEY (`ID`)
) ENGINE=InnoDB AUTO_INCREMENT=21 DEFAULT CHARSET=utf8 ROW_FORMAT=DYNAMIC COMMENT='Excel导入导出测试';

/*Data for the table `t_eximport` */

insert  into `t_eximport`(`ID`,`FIELD1`,`FIELD2`,`FIELD3`,`CREATE_TIME`) values (1,'字段1',1,'mrbird0@gmail.com','2019-06-13 03:14:06'),(2,'字段1',2,'mrbird1@gmail.com','2019-06-13 03:14:06'),(3,'字段1',3,'mrbird2@gmail.com','2019-06-13 03:14:06'),(4,'字段1',4,'mrbird3@gmail.com','2019-06-13 03:14:06'),(5,'字段1',5,'mrbird4@gmail.com','2019-06-13 03:14:06'),(6,'字段1',6,'mrbird5@gmail.com','2019-06-13 03:14:06'),(7,'字段1',7,'mrbird6@gmail.com','2019-06-13 03:14:06'),(8,'字段1',8,'mrbird7@gmail.com','2019-06-13 03:14:06'),(9,'字段1',9,'mrbird8@gmail.com','2019-06-13 03:14:06'),(10,'字段1',10,'mrbird9@gmail.com','2019-06-13 03:14:06'),(11,'字段1',11,'mrbird10@gmail.com','2019-06-13 03:14:06'),(12,'字段1',12,'mrbird11@gmail.com','2019-06-13 03:14:06'),(13,'字段1',13,'mrbird12@gmail.com','2019-06-13 03:14:06'),(14,'字段1',14,'mrbird13@gmail.com','2019-06-13 03:14:06'),(15,'字段1',15,'mrbird14@gmail.com','2019-06-13 03:14:06'),(16,'字段1',16,'mrbird15@gmail.com','2019-06-13 03:14:06'),(17,'字段1',17,'mrbird16@gmail.com','2019-06-13 03:14:06'),(18,'字段1',18,'mrbird17@gmail.com','2019-06-13 03:14:06'),(19,'字段1',19,'mrbird18@gmail.com','2019-06-13 03:14:06'),(20,'字段1',20,'mrbird19@gmail.com','2019-06-13 03:14:06');

/*Table structure for table `t_generator_config` */

DROP TABLE IF EXISTS `t_generator_config`;

CREATE TABLE `t_generator_config` (
  `id` int(11) NOT NULL COMMENT '主键',
  `author` varchar(20) NOT NULL COMMENT '作者',
  `base_package` varchar(50) NOT NULL COMMENT '基础包名',
  `entity_package` varchar(20) NOT NULL COMMENT 'entity文件存放路径',
  `mapper_package` varchar(20) NOT NULL COMMENT 'mapper文件存放路径',
  `mapper_xml_package` varchar(20) NOT NULL COMMENT 'mapper xml文件存放路径',
  `service_package` varchar(20) NOT NULL COMMENT 'servcie文件存放路径',
  `service_impl_package` varchar(20) NOT NULL COMMENT 'serviceImpl文件存放路径',
  `controller_package` varchar(20) NOT NULL COMMENT 'controller文件存放路径',
  `is_trim` char(1) NOT NULL COMMENT '是否去除前缀 1是 0否',
  `trim_value` varchar(10) DEFAULT NULL COMMENT '前缀内容',
  PRIMARY KEY (`id`) USING BTREE
) ENGINE=InnoDB DEFAULT CHARSET=utf8 ROW_FORMAT=DYNAMIC COMMENT='代码生成配置表';

/*Data for the table `t_generator_config` */

insert  into `t_generator_config`(`id`,`author`,`base_package`,`entity_package`,`mapper_package`,`mapper_xml_package`,`service_package`,`service_impl_package`,`controller_package`,`is_trim`,`trim_value`) values (1,'xxl1015','com.aoke.apartmentsystem.gen','entity','mapper','mapper','service','service.impl','controller','1','t_');

/*Table structure for table `t_job` */

DROP TABLE IF EXISTS `t_job`;

CREATE TABLE `t_job` (
  `JOB_ID` bigint(20) NOT NULL AUTO_INCREMENT COMMENT '任务id',
  `BEAN_NAME` varchar(50) NOT NULL COMMENT 'spring bean名称',
  `METHOD_NAME` varchar(50) NOT NULL COMMENT '方法名',
  `PARAMS` varchar(50) DEFAULT NULL COMMENT '参数',
  `CRON_EXPRESSION` varchar(20) NOT NULL COMMENT 'cron表达式',
  `STATUS` char(2) NOT NULL COMMENT '任务状态  0：正常  1：暂停',
  `REMARK` varchar(50) DEFAULT NULL COMMENT '备注',
  `CREATE_TIME` datetime DEFAULT NULL COMMENT '创建时间',
  PRIMARY KEY (`JOB_ID`) USING BTREE
) ENGINE=InnoDB AUTO_INCREMENT=12 DEFAULT CHARSET=utf8 ROW_FORMAT=DYNAMIC COMMENT='定时任务表';

/*Data for the table `t_job` */

insert  into `t_job`(`JOB_ID`,`BEAN_NAME`,`METHOD_NAME`,`PARAMS`,`CRON_EXPRESSION`,`STATUS`,`REMARK`,`CREATE_TIME`) values (1,'testTask','test','mrbird','0/1 * * * * ?','1','有参任务调度测试~~','2018-02-24 16:26:14'),(2,'testTask','test1',NULL,'0/10 * * * * ?','1','无参任务调度测试','2018-02-24 17:06:23'),(3,'testTask','test','hello world','0/1 * * * * ?','1','有参任务调度测试,每隔一秒触发','2018-02-26 09:28:26'),(11,'testTask','test2',NULL,'0/5 * * * * ?','1','测试异常','2018-02-26 11:15:30');

/*Table structure for table `t_job_log` */

DROP TABLE IF EXISTS `t_job_log`;

CREATE TABLE `t_job_log` (
  `LOG_ID` bigint(20) NOT NULL AUTO_INCREMENT COMMENT '任务日志id',
  `JOB_ID` bigint(20) NOT NULL COMMENT '任务id',
  `BEAN_NAME` varchar(100) NOT NULL COMMENT 'spring bean名称',
  `METHOD_NAME` varchar(100) NOT NULL COMMENT '方法名',
  `PARAMS` varchar(200) DEFAULT NULL COMMENT '参数',
  `STATUS` char(2) NOT NULL COMMENT '任务状态    0：成功    1：失败',
  `ERROR` text COMMENT '失败信息',
  `TIMES` decimal(11,0) DEFAULT NULL COMMENT '耗时(单位：毫秒)',
  `CREATE_TIME` datetime DEFAULT NULL COMMENT '创建时间',
  PRIMARY KEY (`LOG_ID`) USING BTREE
) ENGINE=InnoDB AUTO_INCREMENT=2562 DEFAULT CHARSET=utf8 ROW_FORMAT=DYNAMIC COMMENT='调度日志表';

/*Data for the table `t_job_log` */

insert  into `t_job_log`(`LOG_ID`,`JOB_ID`,`BEAN_NAME`,`METHOD_NAME`,`PARAMS`,`STATUS`,`ERROR`,`TIMES`,`CREATE_TIME`) values (2472,2,'testTask','test1',NULL,'0',NULL,'14','2018-04-02 17:29:50'),(2473,2,'testTask','test1',NULL,'0',NULL,'1','2018-04-02 17:30:00'),(2474,2,'testTask','test1',NULL,'0',NULL,'0','2018-04-02 17:30:10'),(2475,2,'testTask','test1',NULL,'0',NULL,'1','2018-04-02 17:30:20'),(2476,1,'testTask','test','mrbird','0',NULL,'2','2019-06-11 08:49:24'),(2477,1,'testTask','test','mrbird','0',NULL,'1','2019-06-11 08:49:25'),(2478,1,'testTask','test','mrbird','0',NULL,'1','2019-06-11 08:49:26'),(2479,1,'testTask','test','mrbird','0',NULL,'1','2019-06-11 08:49:27'),(2480,1,'testTask','test','mrbird','0',NULL,'1','2019-06-11 08:49:28'),(2481,1,'testTask','test','mrbird','0',NULL,'2','2019-06-11 08:49:29'),(2482,1,'testTask','test','mrbird','0',NULL,'2','2019-06-11 08:49:30'),(2483,1,'testTask','test','mrbird','0',NULL,'1','2019-06-11 08:49:31'),(2484,1,'testTask','test','mrbird','0',NULL,'4','2019-06-11 10:43:36'),(2485,1,'testTask','test','mrbird','0',NULL,'1','2019-06-11 10:43:37'),(2486,1,'testTask','test','mrbird','0',NULL,'15','2019-06-11 10:43:38'),(2487,1,'testTask','test','mrbird','0',NULL,'1','2019-06-11 10:43:39'),(2488,1,'testTask','test','mrbird','0',NULL,'53','2019-06-11 10:43:40'),(2489,1,'testTask','test','mrbird','0',NULL,'3','2019-06-11 10:43:41'),(2490,1,'testTask','test','mrbird','0',NULL,'2','2019-06-11 10:43:42'),(2491,1,'testTask','test','mrbird','0',NULL,'1','2019-06-11 10:43:43'),(2492,1,'testTask','test','mrbird','0',NULL,'0','2019-06-11 10:43:44'),(2493,1,'testTask','test','mrbird','0',NULL,'1','2019-06-11 10:43:45'),(2494,1,'testTask','test','mrbird','0',NULL,'1','2019-06-11 10:43:46'),(2495,1,'testTask','test','mrbird','0',NULL,'13','2019-06-11 10:43:47'),(2496,1,'testTask','test','mrbird','0',NULL,'35','2019-06-11 10:43:48'),(2497,1,'testTask','test','mrbird','0',NULL,'3','2019-06-11 10:43:49'),(2498,1,'testTask','test','mrbird','0',NULL,'7','2019-06-11 10:43:50'),(2499,1,'testTask','test','mrbird','0',NULL,'1','2019-06-11 10:43:51'),(2500,1,'testTask','test','mrbird','0',NULL,'1','2019-06-11 10:43:52'),(2501,1,'testTask','test','mrbird','0',NULL,'2','2019-06-11 10:43:53'),(2502,1,'testTask','test','mrbird','0',NULL,'1','2019-06-11 10:43:54'),(2503,1,'testTask','test','mrbird','0',NULL,'14','2019-06-11 10:43:55'),(2504,1,'testTask','test','mrbird','0',NULL,'2','2019-06-11 10:43:56'),(2505,1,'testTask','test','mrbird','0',NULL,'1','2019-06-11 10:43:57'),(2506,1,'testTask','test','mrbird','0',NULL,'2','2019-06-11 10:43:58'),(2507,1,'testTask','test','mrbird','0',NULL,'1','2019-06-11 10:43:59'),(2508,1,'testTask','test','mrbird','0',NULL,'2','2019-06-11 10:44:00'),(2509,1,'testTask','test','mrbird','0',NULL,'1','2019-06-11 10:44:01'),(2510,1,'testTask','test','mrbird','0',NULL,'37','2019-06-11 10:44:02'),(2511,1,'testTask','test','mrbird','0',NULL,'1','2019-06-11 10:44:03'),(2512,1,'testTask','test','mrbird','0',NULL,'1','2019-06-11 10:44:04'),(2513,1,'testTask','test','mrbird','0',NULL,'1','2019-06-11 10:44:05'),(2514,1,'testTask','test','mrbird','0',NULL,'0','2019-06-11 10:44:06'),(2515,1,'testTask','test','mrbird','0',NULL,'2','2019-06-11 10:44:07'),(2516,1,'testTask','test','mrbird','0',NULL,'1','2019-06-11 10:44:08'),(2517,1,'testTask','test','mrbird','0',NULL,'1','2019-06-11 10:44:09'),(2518,1,'testTask','test','mrbird','0',NULL,'1','2019-06-11 10:44:10'),(2519,1,'testTask','test','mrbird','0',NULL,'1','2019-06-11 10:44:11'),(2520,1,'testTask','test','mrbird','0',NULL,'1','2019-06-11 10:44:12'),(2521,1,'testTask','test','mrbird','0',NULL,'1','2019-06-11 10:44:13'),(2522,1,'testTask','test','mrbird','0',NULL,'1','2019-06-11 10:44:16'),(2523,1,'testTask','test','mrbird','0',NULL,'1','2019-06-11 10:44:16'),(2524,1,'testTask','test','mrbird','0',NULL,'1','2019-06-11 10:44:16'),(2525,1,'testTask','test','mrbird','0',NULL,'1','2019-06-11 10:44:17'),(2526,1,'testTask','test','mrbird','0',NULL,'1','2019-06-11 10:44:18'),(2527,1,'testTask','test','mrbird','0',NULL,'145','2019-06-11 10:44:19'),(2528,1,'testTask','test','mrbird','0',NULL,'11','2019-06-11 10:44:20'),(2529,1,'testTask','test','mrbird','0',NULL,'1','2019-06-11 10:44:21'),(2530,1,'testTask','test','mrbird','0',NULL,'1','2019-06-11 10:44:22'),(2531,1,'testTask','test','mrbird','0',NULL,'206','2019-06-11 10:44:23'),(2532,1,'testTask','test','mrbird','0',NULL,'0','2019-06-11 10:44:24'),(2533,1,'testTask','test','mrbird','0',NULL,'0','2019-06-11 10:44:25'),(2534,1,'testTask','test','mrbird','0',NULL,'1','2019-06-11 10:44:26'),(2535,1,'testTask','test','mrbird','0',NULL,'0','2019-06-11 10:44:27'),(2536,1,'testTask','test','mrbird','0',NULL,'1','2019-06-11 10:44:28'),(2537,1,'testTask','test','mrbird','0',NULL,'2','2019-06-11 10:45:54'),(2538,1,'testTask','test','mrbird','0',NULL,'1','2019-06-11 10:45:55'),(2539,1,'testTask','test','mrbird','0',NULL,'2','2019-06-11 10:45:56'),(2540,1,'testTask','test','mrbird','0',NULL,'4','2019-06-11 10:45:57'),(2541,1,'testTask','test','mrbird','0',NULL,'1','2019-06-11 10:45:58'),(2542,1,'testTask','test','mrbird','0',NULL,'1','2019-06-11 10:45:59'),(2543,1,'testTask','test','mrbird','0',NULL,'0','2019-06-11 10:46:00'),(2544,1,'testTask','test','mrbird','0',NULL,'1','2019-06-11 10:46:01'),(2545,1,'testTask','test','mrbird','0',NULL,'1','2019-06-11 10:46:02'),(2546,1,'testTask','test','mrbird','0',NULL,'0','2019-06-11 10:46:03'),(2547,1,'testTask','test','mrbird','0',NULL,'1','2019-06-11 10:46:04'),(2548,1,'testTask','test','mrbird','0',NULL,'0','2019-06-11 10:46:05'),(2549,1,'testTask','test','mrbird','0',NULL,'2','2019-06-11 10:46:06'),(2550,1,'testTask','test','mrbird','0',NULL,'1','2019-06-11 10:46:07'),(2551,1,'testTask','test','mrbird','0',NULL,'2','2019-06-11 10:46:45'),(2552,1,'testTask','test','mrbird','0',NULL,'1','2019-06-11 10:46:46'),(2553,1,'testTask','test','mrbird','0',NULL,'1','2019-06-11 10:46:47'),(2554,1,'testTask','test','mrbird','0',NULL,'2','2019-06-11 10:46:48'),(2555,1,'testTask','test','mrbird','0',NULL,'1','2019-06-11 10:46:49'),(2556,1,'testTask','test','mrbird','0',NULL,'10','2019-06-11 10:46:50'),(2557,1,'testTask','test','mrbird','0',NULL,'2','2019-06-11 10:46:51'),(2558,1,'testTask','test','mrbird','0',NULL,'1','2019-06-11 10:46:52'),(2559,1,'testTask','test','mrbird','0',NULL,'2','2019-06-11 10:46:53'),(2560,1,'testTask','test','mrbird','0',NULL,'0','2019-06-11 10:46:54'),(2561,1,'testTask','test','mrbird','0',NULL,'1','2019-06-11 10:46:55');

/*Table structure for table `t_log` */

DROP TABLE IF EXISTS `t_log`;

CREATE TABLE `t_log` (
  `ID` bigint(20) NOT NULL AUTO_INCREMENT COMMENT '日志ID',
  `USERNAME` varchar(50) DEFAULT NULL COMMENT '操作用户',
  `OPERATION` text COMMENT '操作内容',
  `TIME` decimal(11,0) DEFAULT NULL COMMENT '耗时',
  `METHOD` text COMMENT '操作方法',
  `PARAMS` text COMMENT '方法参数',
  `IP` varchar(64) DEFAULT NULL COMMENT '操作者IP',
  `CREATE_TIME` datetime DEFAULT NULL COMMENT '创建时间',
  `location` varchar(50) DEFAULT NULL COMMENT '操作地点',
  PRIMARY KEY (`ID`) USING BTREE
) ENGINE=InnoDB AUTO_INCREMENT=1101 DEFAULT CHARSET=utf8 ROW_FORMAT=DYNAMIC COMMENT='操作日志表';

/*Data for the table `t_log` */

insert  into `t_log`(`ID`,`USERNAME`,`OPERATION`,`TIME`,`METHOD`,`PARAMS`,`IP`,`CREATE_TIME`,`location`) values (890,'MrBird','修改角色','1144','cc.mrbird.febs.system.controller.RoleController.updateRole()',' role: \"Role(roleId=1, roleName=管理员, remark=管理员，拥有所有操作权限, createTime=null, modifyTime=Thu Jun 13 16:40:57 CST 2019, menuIds=1,3,11,12,13,160,161,4,14,15,16,5,17,18,19,6,20,21,22,2,8,23,10,24,136,113,114,127,128,129,130,131,101,102,103,104,105,106,107,108,109,110,137,138,139,115,132,133,135,134,126,159,116,117,119,120,121,122,123,118,125)\"','127.0.0.1','2019-06-13 08:40:59','内网IP|0|0|内网IP|内网IP'),(891,'MrBird','修改角色','267','cc.mrbird.febs.system.controller.RoleController.updateRole()',' role: \"Role(roleId=75, roleName=可怜, remark=, createTime=null, modifyTime=Thu Jun 13 16:47:00 CST 2019, menuIds=115)\"','127.0.0.1','2019-06-13 08:47:01','内网IP|0|0|内网IP|内网IP'),(892,'MrBird','修改角色','478','cc.mrbird.febs.system.controller.RoleController.updateRole()',' role: \"Role(roleId=1, roleName=管理员, remark=管理员，拥有所有操作权限, createTime=null, modifyTime=Thu Jun 13 16:47:15 CST 2019, menuIds=1,3,11,12,13,160,161,4,14,15,16,5,17,18,19,6,20,21,22,2,8,23,10,24,136,113,114,127,128,129,130,131,101,102,103,104,105,106,107,108,109,110,137,138,139,115,132,133,135,134,126,159,116,117,119,120,121,122,123,118,125)\"','127.0.0.1','2019-06-13 08:47:16','内网IP|0|0|内网IP|内网IP'),(893,'MrBird','删除角色','233','cc.mrbird.febs.system.controller.RoleController.deleteRoles()',' roleIds: \"75\"','127.0.0.1','2019-06-13 08:47:50','内网IP|0|0|内网IP|内网IP'),(894,'MrBird','修改用户','128','cc.mrbird.febs.system.controller.UserController.updateUser()',' user: \"User(userId=6, username=tester, password=null, deptId=6, email=tester@qq.com, mobile=13888888888, status=1, createTime=null, modifyTime=Thu Jun 13 16:56:29 CST 2019, lastLoginTime=null, sex=1, avatar=null, theme=null, isTab=null, description=我是测试用户, deptName=null, createTimeFrom=null, createTimeTo=null, roleId=2, roleName=null)\"','127.0.0.1','2019-06-13 08:56:29','内网IP|0|0|内网IP|内网IP'),(895,'MrBird','修改用户','323','cc.mrbird.febs.system.controller.UserController.updateUser()',' user: \"User(userId=6, username=tester, password=null, deptId=6, email=tester@qq.com, mobile=13888888888, status=1, createTime=null, modifyTime=Thu Jun 13 16:56:36 CST 2019, lastLoginTime=null, sex=0, avatar=null, theme=null, isTab=null, description=我是测试用户, deptName=null, createTimeFrom=null, createTimeTo=null, roleId=2, roleName=null)\"','127.0.0.1','2019-06-13 08:56:37','内网IP|0|0|内网IP|内网IP'),(896,'MrBird','修改菜单/按钮','172','cc.mrbird.febs.system.controller.MenuController.updateMenu()',' menu: \"Menu(menuId=3, parentId=1, menuName=用户管理, url=/system/user, perms=user:view, icon=, type=0, orderNum=1, createTime=null, modifyTime=Thu Jun 13 16:57:10 CST 2019)\"','127.0.0.1','2019-06-13 08:57:11','内网IP|0|0|内网IP|内网IP'),(897,'MrBird','修改菜单/按钮','164','cc.mrbird.febs.system.controller.MenuController.updateMenu()',' menu: \"Menu(menuId=4, parentId=1, menuName=角色管理, url=/system/role, perms=role:view, icon=, type=0, orderNum=2, createTime=null, modifyTime=Thu Jun 13 16:57:18 CST 2019)\"','127.0.0.1','2019-06-13 08:57:19','内网IP|0|0|内网IP|内网IP'),(898,'MrBird','修改菜单/按钮','81','cc.mrbird.febs.system.controller.MenuController.updateMenu()',' menu: \"Menu(menuId=5, parentId=1, menuName=菜单管理, url=/system/menu, perms=menu:view, icon=, type=0, orderNum=3, createTime=null, modifyTime=Thu Jun 13 16:57:33 CST 2019)\"','127.0.0.1','2019-06-13 08:57:34','内网IP|0|0|内网IP|内网IP'),(899,'MrBird','修改角色','436','cc.mrbird.febs.system.controller.RoleController.updateRole()',' role: \"Role(roleId=1, roleName=管理员, remark=管理员，拥有所有操作权限, createTime=null, modifyTime=Thu Jun 13 16:59:24 CST 2019, menuIds=1,3,161,4,14,15,16,5,17,18,19,6,20,21,22,2,8,23,10,24,136,113,114,127,128,129,130,131,101,102,103,104,105,106,107,108,109,110,137,138,139,115,132,133,135,134,126,159,116,117,119,120,121,122,123,118,125)\"','127.0.0.1','2019-06-13 08:59:25','内网IP|0|0|内网IP|内网IP'),(900,'MrBird','修改角色','329','cc.mrbird.febs.system.controller.RoleController.updateRole()',' role: \"Role(roleId=1, roleName=管理员, remark=管理员，拥有所有操作权限, createTime=null, modifyTime=Thu Jun 13 16:59:55 CST 2019, menuIds=1,3,11,161,4,14,15,16,5,17,18,19,6,20,21,22,2,8,23,10,24,136,113,114,127,128,129,130,131,101,102,103,104,105,106,107,108,109,110,137,138,139,115,132,133,135,134,126,159,116,117,119,120,121,122,123,118,125)\"','127.0.0.1','2019-06-13 08:59:56','内网IP|0|0|内网IP|内网IP'),(901,'MrBird','修改角色','270','cc.mrbird.febs.system.controller.RoleController.updateRole()',' role: \"Role(roleId=1, roleName=管理员, remark=管理员，拥有所有操作权限, createTime=null, modifyTime=Thu Jun 13 17:00:39 CST 2019, menuIds=1,3,11,12,161,4,14,15,16,5,17,18,19,6,20,21,22,2,8,23,10,24,136,113,114,127,128,129,130,131,101,102,103,104,105,106,107,108,109,110,137,138,139,115,132,133,135,134,126,159,116,117,119,120,121,122,123,118,125)\"','127.0.0.1','2019-06-13 09:00:39','内网IP|0|0|内网IP|内网IP'),(902,'MrBird','修改角色','238','cc.mrbird.febs.system.controller.RoleController.updateRole()',' role: \"Role(roleId=1, roleName=管理员, remark=管理员，拥有所有操作权限, createTime=null, modifyTime=Thu Jun 13 17:01:47 CST 2019, menuIds=1,3,11,12,13,160,161,4,14,15,16,5,17,18,19,6,20,21,22,2,8,23,10,24,136,113,114,127,128,129,130,131,101,102,103,104,105,106,107,108,109,110,137,138,139,115,132,133,135,134,126,159,116,117,119,120,121,122,123,118,125)\"','127.0.0.1','2019-06-13 09:01:48','内网IP|0|0|内网IP|内网IP'),(903,'MrBird','修改角色','202','cc.mrbird.febs.system.controller.RoleController.updateRole()',' role: \"Role(roleId=1, roleName=管理员, remark=管理员，拥有所有操作权限, createTime=null, modifyTime=Thu Jun 13 17:02:28 CST 2019, menuIds=1,3,11,13,160,161,4,14,15,16,5,17,18,19,6,20,21,22,2,8,23,10,24,136,113,114,127,128,129,130,131,101,102,103,104,105,106,107,108,109,110,137,138,139,115,132,133,135,134,126,159,116,117,119,120,121,122,123,118,125)\"','127.0.0.1','2019-06-13 09:02:28','内网IP|0|0|内网IP|内网IP'),(904,'MrBird','修改角色','446','cc.mrbird.febs.system.controller.RoleController.updateRole()',' role: \"Role(roleId=1, roleName=管理员, remark=管理员，拥有所有操作权限, createTime=null, modifyTime=Thu Jun 13 17:14:28 CST 2019, menuIds=1,3,161,4,14,15,16,5,17,18,19,6,20,21,22,2,8,23,10,24,136,113,114,127,128,129,130,131,101,102,103,104,105,106,107,108,109,110,137,138,139,115,132,133,135,134,126,159,116,117,119,120,121,122,123,118,125)\"','127.0.0.1','2019-06-13 09:14:29','内网IP|0|0|内网IP|内网IP'),(905,'MrBird','修改角色','150','cc.mrbird.febs.system.controller.RoleController.updateRole()',' role: \"Role(roleId=1, roleName=管理员, remark=管理员，拥有所有操作权限, createTime=null, modifyTime=Thu Jun 13 17:14:47 CST 2019, menuIds=1,3,11,12,13,160,161,4,14,15,16,5,17,18,19,6,20,21,22,2,8,23,10,24,136,113,114,127,128,129,130,131,101,102,103,104,105,106,107,108,109,110,137,138,139,115,132,133,135,134,126,159,116,117,119,120,121,122,123,118,125)\"','127.0.0.1','2019-06-13 09:14:48','内网IP|0|0|内网IP|内网IP'),(906,'MrBird','修改角色','88','cc.mrbird.febs.system.controller.RoleController.updateRole()',' role: \"Role(roleId=1, roleName=管理员, remark=管理员，拥有所有操作权限, createTime=null, modifyTime=Thu Jun 13 17:14:55 CST 2019, menuIds=1,3,4,14,15,16,5,17,18,19,6,20,21,22,2,8,23,10,24,136,113,114,127,128,129,130,131,101,102,103,104,105,106,107,108,109,110,137,138,139,115,132,133,135,134,126,159,116,117,119,120,121,122,123,118,125)\"','127.0.0.1','2019-06-13 09:14:56','内网IP|0|0|内网IP|内网IP'),(907,'MrBird','修改角色','177','cc.mrbird.febs.system.controller.RoleController.updateRole()',' role: \"Role(roleId=1, roleName=管理员, remark=管理员，拥有所有操作权限, createTime=null, modifyTime=Thu Jun 13 17:18:58 CST 2019, menuIds=1,3,11,4,14,15,16,5,17,18,19,6,20,21,22,2,8,23,10,24,136,113,114,127,128,129,130,131,101,102,103,104,105,106,107,108,109,110,137,138,139,115,132,133,135,134,126,159,116,117,119,120,121,122,123,118,125)\"','127.0.0.1','2019-06-13 09:18:58','内网IP|0|0|内网IP|内网IP'),(908,'MrBird','修改角色','286','cc.mrbird.febs.system.controller.RoleController.updateRole()',' role: \"Role(roleId=1, roleName=管理员, remark=管理员，拥有所有操作权限, createTime=null, modifyTime=Thu Jun 13 17:22:52 CST 2019, menuIds=1,3,4,14,15,16,5,17,18,19,6,20,21,22,2,8,23,10,24,136,113,114,127,128,129,130,131,101,102,103,104,105,106,107,108,109,110,137,138,139,115,132,133,135,134,126,159,116,117,119,120,121,122,123,118,125)\"','127.0.0.1','2019-06-13 09:22:53','内网IP|0|0|内网IP|内网IP'),(909,'MrBird','修改角色','105','cc.mrbird.febs.system.controller.RoleController.updateRole()',' role: \"Role(roleId=1, roleName=管理员, remark=管理员，拥有所有操作权限, createTime=null, modifyTime=Thu Jun 13 17:23:08 CST 2019, menuIds=1,3,11,4,14,15,16,5,17,18,19,6,20,21,22,2,8,23,10,24,136,113,114,127,128,129,130,131,101,102,103,104,105,106,107,108,109,110,137,138,139,115,132,133,135,134,126,159,116,117,119,120,121,122,123,118,125)\"','127.0.0.1','2019-06-13 09:23:09','内网IP|0|0|内网IP|内网IP'),(910,'MrBird','修改角色','275','cc.mrbird.febs.system.controller.RoleController.updateRole()',' role: \"Role(roleId=1, roleName=管理员, remark=管理员，拥有所有操作权限, createTime=null, modifyTime=Thu Jun 13 17:32:55 CST 2019, menuIds=1,3,11,13,4,14,15,16,5,17,18,19,6,20,21,22,2,8,23,10,24,136,113,114,127,128,129,130,131,101,102,103,104,105,106,107,108,109,110,137,138,139,115,132,133,135,134,126,159,116,117,119,120,121,122,123,118,125)\"','127.0.0.1','2019-06-13 09:32:56','内网IP|0|0|内网IP|内网IP'),(911,'MrBird','修改角色','348','cc.mrbird.febs.system.controller.RoleController.updateRole()',' role: \"Role(roleId=1, roleName=管理员, remark=管理员，拥有所有操作权限, createTime=null, modifyTime=Thu Jun 13 18:53:31 CST 2019, menuIds=1,3,4,14,15,16,5,17,18,19,6,20,21,22,2,8,23,10,24,136,113,114,127,128,129,130,131,101,102,103,104,105,106,107,108,109,110,137,138,139,115,132,133,135,134,126,159,116,117,119,120,121,122,123,118,125)\"','127.0.0.1','2019-06-13 10:53:32','内网IP|0|0|内网IP|内网IP'),(912,'MrBird','修改角色','114','cc.mrbird.febs.system.controller.RoleController.updateRole()',' role: \"Role(roleId=1, roleName=管理员, remark=管理员，拥有所有操作权限, createTime=null, modifyTime=Thu Jun 13 18:53:49 CST 2019, menuIds=1,4,14,15,16,5,17,18,19,6,20,21,22,2,8,23,10,24,136,113,114,127,128,129,130,131,101,102,103,104,105,106,107,108,109,110,137,138,139,115,132,133,135,134,126,159,116,117,119,120,121,122,123,118,125)\"','127.0.0.1','2019-06-13 10:53:50','内网IP|0|0|内网IP|内网IP'),(913,'MrBird','修改角色','255','cc.mrbird.febs.system.controller.RoleController.updateRole()',' role: \"Role(roleId=1, roleName=管理员, remark=管理员，拥有所有操作权限, createTime=null, modifyTime=Thu Jun 13 18:54:08 CST 2019, menuIds=1,3,4,14,15,16,5,17,18,19,6,20,21,22,2,8,23,10,24,136,113,114,127,128,129,130,131,101,102,103,104,105,106,107,108,109,110,137,138,139,115,132,133,135,134,126,159,116,117,119,120,121,122,123,118,125)\"','127.0.0.1','2019-06-13 10:54:09','内网IP|0|0|内网IP|内网IP'),(914,'MrBird','修改菜单/按钮','51','cc.mrbird.febs.system.controller.MenuController.updateMenu()',' menu: \"Menu(menuId=3, parentId=1, menuName=用户管理, url=/system/user, perms=user:view啊, icon=, type=0, orderNum=1, createTime=null, modifyTime=Thu Jun 13 18:54:28 CST 2019)\"','127.0.0.1','2019-06-13 10:54:28','内网IP|0|0|内网IP|内网IP'),(915,'MrBird','修改菜单/按钮','150','cc.mrbird.febs.system.controller.MenuController.updateMenu()',' menu: \"Menu(menuId=3, parentId=1, menuName=用户管理, url=/system/user, perms=user:view, icon=, type=0, orderNum=1, createTime=null, modifyTime=Thu Jun 13 18:54:46 CST 2019)\"','127.0.0.1','2019-06-13 10:54:46','内网IP|0|0|内网IP|内网IP'),(916,'MrBird','修改角色','259','cc.mrbird.febs.system.controller.RoleController.updateRole()',' role: \"Role(roleId=1, roleName=管理员, remark=管理员，拥有所有操作权限, createTime=null, modifyTime=Thu Jun 13 18:55:01 CST 2019, menuIds=1,3,11,4,14,15,16,5,17,18,19,6,20,21,22,2,8,23,10,24,136,113,114,127,128,129,130,131,101,102,103,104,105,106,107,108,109,110,137,138,139,115,132,133,135,134,126,159,116,117,119,120,121,122,123,118,125)\"','127.0.0.1','2019-06-13 10:55:02','内网IP|0|0|内网IP|内网IP'),(917,'MrBird','修改菜单/按钮','118','cc.mrbird.febs.system.controller.MenuController.updateMenu()',' menu: \"Menu(menuId=3, parentId=1, menuName=用户管理, url=/system/user, perms=user:viewa, icon=, type=0, orderNum=1, createTime=null, modifyTime=Thu Jun 13 18:57:57 CST 2019)\"','127.0.0.1','2019-06-13 10:57:58','内网IP|0|0|内网IP|内网IP'),(918,'MrBird','修改角色','431','cc.mrbird.febs.system.controller.RoleController.updateRole()',' role: \"Role(roleId=1, roleName=管理员, remark=管理员，拥有所有操作权限, createTime=null, modifyTime=Thu Jun 13 19:13:30 CST 2019, menuIds=1,3,11,12,13,160,161,4,14,15,16,5,17,18,19,6,20,21,22,2,8,23,10,24,136,113,114,127,128,129,130,131,101,102,103,104,105,106,107,108,109,110,137,138,139,115,132,133,135,134,126,159,116,117,119,120,121,122,123,118,125)\"','127.0.0.1','2019-06-13 11:13:31','内网IP|0|0|内网IP|内网IP'),(919,'MrBird','修改菜单/按钮','157','cc.mrbird.febs.system.controller.MenuController.updateMenu()',' menu: \"Menu(menuId=3, parentId=1, menuName=用户管理, url=/system/user, perms=user:view, icon=, type=0, orderNum=1, createTime=null, modifyTime=Thu Jun 13 19:13:44 CST 2019)\"','127.0.0.1','2019-06-13 11:13:45','内网IP|0|0|内网IP|内网IP'),(920,'MrBird','修改菜单/按钮','149','cc.mrbird.febs.system.controller.MenuController.updateMenu()',' menu: \"Menu(menuId=3, parentId=1, menuName=用户管理, url=/system/user, perms=user:view, icon=layui-icon-meh, type=0, orderNum=1, createTime=null, modifyTime=Thu Jun 13 19:13:55 CST 2019)\"','127.0.0.1','2019-06-13 11:13:56','内网IP|0|0|内网IP|内网IP'),(921,'MrBird','修改菜单/按钮','163','cc.mrbird.febs.system.controller.MenuController.updateMenu()',' menu: \"Menu(menuId=2, parentId=0, menuName=系统监控, url=, perms=, icon=, type=0, orderNum=2, createTime=null, modifyTime=Thu Jun 13 19:14:34 CST 2019)\"','127.0.0.1','2019-06-13 11:14:34','内网IP|0|0|内网IP|内网IP'),(922,'MrBird','修改菜单/按钮','146','cc.mrbird.febs.system.controller.MenuController.updateMenu()',' menu: \"Menu(menuId=2, parentId=0, menuName=系统监控, url=, perms=, icon=layui-icon-alert, type=0, orderNum=2, createTime=null, modifyTime=Thu Jun 13 19:20:40 CST 2019)\"','127.0.0.1','2019-06-13 11:20:40','内网IP|0|0|内网IP|内网IP'),(923,'MrBird','修改角色','70','cc.mrbird.febs.system.controller.RoleController.updateRole()',' role: \"Role(roleId=1, roleName=管理员, remark=管理员，拥有所有操作权限, createTime=null, modifyTime=Thu Jun 13 21:24:53 CST 2019, menuIds=1,3,12,13,160,161,4,14,15,16,5,17,18,19,6,20,21,22,2,8,23,10,24,136,113,114,127,128,129,130,131,101,102,103,104,105,106,107,108,109,110,137,138,139,115,132,133,135,134,126,159,116,117,119,120,121,122,123,118,125)\"','172.18.96.1','2019-06-13 13:24:54','内网IP|0|0|内网IP|内网IP'),(924,'MrBird','修改角色','22','cc.mrbird.febs.system.controller.RoleController.updateRole()',' role: \"Role(roleId=1, roleName=管理员, remark=管理员，拥有所有操作权限, createTime=null, modifyTime=Thu Jun 13 21:25:06 CST 2019, menuIds=1,3,11,12,13,160,161,4,14,15,16,5,17,18,19,6,20,21,22,2,8,23,10,24,136,113,114,127,128,129,130,131,101,102,103,104,105,106,107,108,109,110,137,138,139,115,132,133,135,134,126,159,116,117,119,120,121,122,123,118,125)\"','172.18.96.1','2019-06-13 13:25:07','内网IP|0|0|内网IP|内网IP'),(925,'MrBird','修改角色','60','cc.mrbird.febs.system.controller.RoleController.updateRole()',' role: \"Role(roleId=2, roleName=注册账户, remark=注册账户，只可查看，不可操作, createTime=null, modifyTime=Thu Jun 13 22:24:09 CST 2019, menuIds=1,3,4,14,5,6,2,8,10,136,113,114,127,128,129,130,131,101,102,109,137,138,139,115,132,133,135,134,126,116,117,119,120,121,122,123,118,125)\"','172.18.96.1','2019-06-13 14:24:10','内网IP|0|0|内网IP|内网IP'),(926,'MrBird','修改角色','69','cc.mrbird.febs.system.controller.RoleController.updateRole()',' role: \"Role(roleId=2, roleName=注册账户, remark=注册账户，只可查看，不可操作, createTime=null, modifyTime=Thu Jun 13 22:24:58 CST 2019, menuIds=1,3,4,5,6,2,8,10,136,113,114,127,128,129,130,131,101,102,109,137,138,139,115,132,133,135,134,126,116,117,119,120,121,122,123,118,125)\"','172.18.96.1','2019-06-13 14:24:59','内网IP|0|0|内网IP|内网IP'),(927,'scott','新增角色','5','cc.mrbird.febs.system.controller.RoleController.addRole()',' role: \"Role(roleId=76, roleName=1341234, remark=, createTime=Thu Jun 13 22:25:21 CST 2019, modifyTime=null, menuIds=)\"','127.0.0.1','2019-06-13 14:25:21','内网IP|0|0|内网IP|内网IP'),(928,'MrBird','新增菜单/按钮','7','cc.mrbird.febs.system.controller.MenuController.addMenu()',' menu: \"Menu(menuId=162, parentId=4, menuName=导出角色, url=null, perms=role:export, icon=null, type=1, orderNum=null, createTime=Thu Jun 13 22:29:00 CST 2019, modifyTime=null)\"','172.18.96.1','2019-06-13 14:29:00','内网IP|0|0|内网IP|内网IP'),(929,'MrBird','修改菜单/按钮','9','cc.mrbird.febs.system.controller.MenuController.updateMenu()',' menu: \"Menu(menuId=162, parentId=4, menuName=导出Excel, url=null, perms=role:export, icon=null, type=1, orderNum=null, createTime=null, modifyTime=Thu Jun 13 22:29:11 CST 2019)\"','172.18.96.1','2019-06-13 14:29:11','内网IP|0|0|内网IP|内网IP'),(930,'MrBird','新增菜单/按钮','14','cc.mrbird.febs.system.controller.MenuController.addMenu()',' menu: \"Menu(menuId=163, parentId=5, menuName=导出Excel, url=null, perms=menu:export, icon=null, type=1, orderNum=null, createTime=Thu Jun 13 22:29:32 CST 2019, modifyTime=null)\"','172.18.96.1','2019-06-13 14:29:32','内网IP|0|0|内网IP|内网IP'),(931,'MrBird','新增菜单/按钮','13','cc.mrbird.febs.system.controller.MenuController.addMenu()',' menu: \"Menu(menuId=164, parentId=6, menuName=导出Excel, url=null, perms=dept:export, icon=null, type=1, orderNum=null, createTime=Thu Jun 13 22:29:58 CST 2019, modifyTime=null)\"','172.18.96.1','2019-06-13 14:29:59','内网IP|0|0|内网IP|内网IP'),(932,'MrBird','修改菜单/按钮','6','cc.mrbird.febs.system.controller.MenuController.updateMenu()',' menu: \"Menu(menuId=8, parentId=2, menuName=在线用户, url=/monitor/online, perms=online:view, icon=, type=0, orderNum=1, createTime=null, modifyTime=Thu Jun 13 22:30:30 CST 2019)\"','172.18.96.1','2019-06-13 14:30:31','内网IP|0|0|内网IP|内网IP'),(933,'MrBird','修改菜单/按钮','13','cc.mrbird.febs.system.controller.MenuController.updateMenu()',' menu: \"Menu(menuId=10, parentId=2, menuName=系统日志, url=/monitor/log, perms=log:view, icon=, type=0, orderNum=2, createTime=null, modifyTime=Thu Jun 13 22:30:37 CST 2019)\"','172.18.96.1','2019-06-13 14:30:37','内网IP|0|0|内网IP|内网IP'),(934,'MrBird','修改菜单/按钮','17','cc.mrbird.febs.system.controller.MenuController.updateMenu()',' menu: \"Menu(menuId=113, parentId=2, menuName=Redis监控, url=/monitor/redis/info, perms=redis:view, icon=, type=0, orderNum=4, createTime=null, modifyTime=Thu Jun 13 22:30:44 CST 2019)\"','172.18.96.1','2019-06-13 14:30:45','内网IP|0|0|内网IP|内网IP'),(935,'MrBird','修改菜单/按钮','13','cc.mrbird.febs.system.controller.MenuController.updateMenu()',' menu: \"Menu(menuId=114, parentId=2, menuName=Redis终端, url=/monitor/redis/terminal, perms=redis:terminal:view, icon=, type=0, orderNum=5, createTime=null, modifyTime=Thu Jun 13 22:30:53 CST 2019)\"','172.18.96.1','2019-06-13 14:30:54','内网IP|0|0|内网IP|内网IP'),(936,'MrBird','修改菜单/按钮','13','cc.mrbird.febs.system.controller.MenuController.updateMenu()',' menu: \"Menu(menuId=139, parentId=137, menuName=代码生成, url=/generator/generator, perms=generator:view, icon=, type=0, orderNum=2, createTime=null, modifyTime=Thu Jun 13 22:31:38 CST 2019)\"','172.18.96.1','2019-06-13 14:31:38','内网IP|0|0|内网IP|内网IP'),(937,'MrBird','新增菜单/按钮','15','cc.mrbird.febs.system.controller.MenuController.addMenu()',' menu: \"Menu(menuId=165, parentId=138, menuName=修改配置, url=null, perms=configure:config:update, icon=null, type=1, orderNum=null, createTime=Thu Jun 13 22:32:08 CST 2019, modifyTime=null)\"','172.18.96.1','2019-06-13 14:32:09','内网IP|0|0|内网IP|内网IP'),(938,'MrBird','修改菜单/按钮','13','cc.mrbird.febs.system.controller.MenuController.updateMenu()',' menu: \"Menu(menuId=165, parentId=138, menuName=修改配置, url=null, perms=generator:configure:update, icon=null, type=1, orderNum=null, createTime=null, modifyTime=Thu Jun 13 22:32:19 CST 2019)\"','172.18.96.1','2019-06-13 14:32:20','内网IP|0|0|内网IP|内网IP'),(939,'MrBird','新增菜单/按钮','6','cc.mrbird.febs.system.controller.MenuController.addMenu()',' menu: \"Menu(menuId=166, parentId=139, menuName=生成代码, url=null, perms=generator:generate, icon=null, type=1, orderNum=null, createTime=Thu Jun 13 22:32:50 CST 2019, modifyTime=null)\"','172.18.96.1','2019-06-13 14:32:51','内网IP|0|0|内网IP|内网IP'),(940,'MrBird','新增菜单/按钮','13','cc.mrbird.febs.system.controller.MenuController.addMenu()',' menu: \"Menu(menuId=167, parentId=125, menuName=模板下载, url=null, perms=eximport:template, icon=null, type=1, orderNum=null, createTime=Thu Jun 13 22:33:36 CST 2019, modifyTime=null)\"','172.18.96.1','2019-06-13 14:33:37','内网IP|0|0|内网IP|内网IP'),(941,'MrBird','新增菜单/按钮','16','cc.mrbird.febs.system.controller.MenuController.addMenu()',' menu: \"Menu(menuId=168, parentId=125, menuName=导出Excel, url=null, perms=eximport:export, icon=null, type=1, orderNum=null, createTime=Thu Jun 13 22:33:56 CST 2019, modifyTime=null)\"','172.18.96.1','2019-06-13 14:33:57','内网IP|0|0|内网IP|内网IP'),(942,'MrBird','新增菜单/按钮','4','cc.mrbird.febs.system.controller.MenuController.addMenu()',' menu: \"Menu(menuId=169, parentId=125, menuName=导入Excel, url=null, perms=eximport:import, icon=null, type=1, orderNum=null, createTime=Thu Jun 13 22:34:19 CST 2019, modifyTime=null)\"','172.18.96.1','2019-06-13 14:34:19','内网IP|0|0|内网IP|内网IP'),(943,'MrBird','新增菜单/按钮','13','cc.mrbird.febs.system.controller.MenuController.addMenu()',' menu: \"Menu(menuId=170, parentId=10, menuName=导出Excel, url=null, perms=log:export, icon=null, type=1, orderNum=null, createTime=Thu Jun 13 22:34:55 CST 2019, modifyTime=null)\"','172.18.96.1','2019-06-13 14:34:55','内网IP|0|0|内网IP|内网IP'),(944,'MrBird','新增菜单/按钮','11','cc.mrbird.febs.system.controller.MenuController.addMenu()',' menu: \"Menu(menuId=171, parentId=136, menuName=删除日志, url=null, perms=loginLog:delete, icon=null, type=1, orderNum=null, createTime=Thu Jun 13 22:35:26 CST 2019, modifyTime=null)\"','172.18.96.1','2019-06-13 14:35:27','内网IP|0|0|内网IP|内网IP'),(945,'MrBird','修改菜单/按钮','15','cc.mrbird.febs.system.controller.MenuController.updateMenu()',' menu: \"Menu(menuId=136, parentId=2, menuName=登录日志, url=/monitor/loginlog, perms=loginlog:view, icon=, type=0, orderNum=3, createTime=null, modifyTime=Thu Jun 13 22:35:56 CST 2019)\"','172.18.96.1','2019-06-13 14:35:56','内网IP|0|0|内网IP|内网IP'),(946,'MrBird','修改菜单/按钮','13','cc.mrbird.febs.system.controller.MenuController.updateMenu()',' menu: \"Menu(menuId=171, parentId=136, menuName=删除日志, url=null, perms=loginlog:delete, icon=null, type=1, orderNum=null, createTime=null, modifyTime=Thu Jun 13 22:36:07 CST 2019)\"','172.18.96.1','2019-06-13 14:36:08','内网IP|0|0|内网IP|内网IP'),(947,'MrBird','新增菜单/按钮','11','cc.mrbird.febs.system.controller.MenuController.addMenu()',' menu: \"Menu(menuId=172, parentId=136, menuName=导出Excel, url=null, perms=loginlog:export, icon=null, type=1, orderNum=null, createTime=Thu Jun 13 22:36:25 CST 2019, modifyTime=null)\"','172.18.96.1','2019-06-13 14:36:26','内网IP|0|0|内网IP|内网IP'),(948,'MrBird','修改菜单/按钮','14','cc.mrbird.febs.system.controller.MenuController.updateMenu()',' menu: \"Menu(menuId=127, parentId=2, menuName=请求追踪, url=/monitor/httptrace, perms=httptrace:view, icon=, type=0, orderNum=6, createTime=null, modifyTime=Thu Jun 13 22:36:43 CST 2019)\"','172.18.96.1','2019-06-13 14:36:43','内网IP|0|0|内网IP|内网IP'),(949,'MrBird','修改菜单/按钮','5','cc.mrbird.febs.system.controller.MenuController.updateMenu()',' menu: \"Menu(menuId=129, parentId=128, menuName=JVM信息, url=/monitor/jvm, perms=jvm:view, icon=, type=0, orderNum=1, createTime=null, modifyTime=Thu Jun 13 22:36:50 CST 2019)\"','172.18.96.1','2019-06-13 14:36:51','内网IP|0|0|内网IP|内网IP'),(950,'MrBird','修改菜单/按钮','5','cc.mrbird.febs.system.controller.MenuController.updateMenu()',' menu: \"Menu(menuId=130, parentId=128, menuName=Tomcat信息, url=/monitor/tomcat, perms=tomcat:view, icon=, type=0, orderNum=2, createTime=null, modifyTime=Thu Jun 13 22:36:57 CST 2019)\"','172.18.96.1','2019-06-13 14:36:57','内网IP|0|0|内网IP|内网IP'),(951,'MrBird','修改菜单/按钮','13','cc.mrbird.febs.system.controller.MenuController.updateMenu()',' menu: \"Menu(menuId=131, parentId=128, menuName=服务器信息, url=/monitor/server, perms=server:view, icon=, type=0, orderNum=3, createTime=null, modifyTime=Thu Jun 13 22:37:03 CST 2019)\"','172.18.96.1','2019-06-13 14:37:04','内网IP|0|0|内网IP|内网IP'),(952,'MrBird','新增菜单/按钮','4','cc.mrbird.febs.system.controller.MenuController.addMenu()',' menu: \"Menu(menuId=173, parentId=102, menuName=导出Excel, url=null, perms=job:export, icon=null, type=1, orderNum=null, createTime=Thu Jun 13 22:37:24 CST 2019, modifyTime=null)\"','172.18.96.1','2019-06-13 14:37:25','内网IP|0|0|内网IP|内网IP'),(953,'MrBird','新增菜单/按钮','5','cc.mrbird.febs.system.controller.MenuController.addMenu()',' menu: \"Menu(menuId=174, parentId=109, menuName=导出Excel, url=null, perms=joblog:export, icon=null, type=1, orderNum=null, createTime=Thu Jun 13 22:37:46 CST 2019, modifyTime=null)\"','172.18.96.1','2019-06-13 14:37:46','内网IP|0|0|内网IP|内网IP'),(954,'MrBird','修改菜单/按钮','7','cc.mrbird.febs.system.controller.MenuController.updateMenu()',' menu: \"Menu(menuId=174, parentId=109, menuName=导出Excel, url=null, perms=job:log:export, icon=null, type=1, orderNum=null, createTime=null, modifyTime=Thu Jun 13 22:38:02 CST 2019)\"','172.18.96.1','2019-06-13 14:38:02','内网IP|0|0|内网IP|内网IP'),(955,'MrBird','修改角色','75','cc.mrbird.febs.system.controller.RoleController.updateRole()',' role: \"Role(roleId=2, roleName=注册账户, remark=注册账户，只可查看，不可操作, createTime=null, modifyTime=Thu Jun 13 22:39:57 CST 2019, menuIds=1,3,4,5,163,6,2,8,10,136,113,114,127,128,129,130,131,101,102,109,137,138,139,115,132,133,135,134,126,116,117,119,120,121,122,123,118,125)\"','172.18.96.1','2019-06-13 14:39:57','内网IP|0|0|内网IP|内网IP'),(956,'MrBird','修改角色','67','cc.mrbird.febs.system.controller.RoleController.updateRole()',' role: \"Role(roleId=2, roleName=注册账户, remark=注册账户，只可查看，不可操作, createTime=null, modifyTime=Thu Jun 13 22:42:14 CST 2019, menuIds=1,3,4,5,163,6,164,2,8,10,136,113,114,127,128,129,130,131,101,102,109,137,138,139,115,132,133,135,134,126,116,117,119,120,121,122,123,118,125)\"','172.18.96.1','2019-06-13 14:42:15','内网IP|0|0|内网IP|内网IP'),(957,'MrBird','删除角色','129','cc.mrbird.febs.system.controller.RoleController.deleteRoles()',' roleIds: \"76\"','192.168.33.1','2019-06-14 05:58:39','内网IP|0|0|内网IP|内网IP'),(958,'MrBird','修改角色','242','cc.mrbird.febs.system.controller.RoleController.updateRole()',' role: \"Role(roleId=1, roleName=管理员, remark=管理员，拥有所有操作权限, createTime=null, modifyTime=Fri Jun 14 14:38:42 CST 2019, menuIds=1,3,11,12,13,160,161,4,14,15,16,162,5,17,18,19,163,6,20,21,22,164,2,8,23,10,24,170,136,171,172,113,114,127,128,129,130,131,101,102,103,104,105,106,107,108,173,109,110,174,137,138,165,139,166,115,132,133,135,134,126,159,116,117,119,120,121,122,123,118,125,167,168,169)\"','192.168.33.1','2019-06-14 06:38:43','内网IP|0|0|内网IP|内网IP'),(959,'MrBird','修改用户','112','cc.mrbird.febs.system.controller.UserController.updateUser()',' user: \"User(userId=6, username=tester, password=null, deptId=6, email=tester@qq.com, mobile=13888888888, status=1, createTime=null, modifyTime=Fri Jun 14 15:04:29 CST 2019, lastLoginTime=null, sex=0, avatar=null, theme=null, isTab=null, description=我是测试用户, deptName=null, createTimeFrom=null, createTimeTo=null, roleId=68, roleName=null)\"','192.168.33.1','2019-06-14 07:04:30','内网IP|0|0|内网IP|内网IP'),(960,'MrBird','修改角色','768','cc.mrbird.febs.system.controller.RoleController.updateRole()',' role: \"Role(roleId=68, roleName=系统监控员, remark=负责系统监控模块, createTime=null, modifyTime=Fri Jun 14 15:05:10 CST 2019, menuIds=2,8,23,10,24,136,113,114,127,128,129,130,131)\"','192.168.33.1','2019-06-14 07:05:11','内网IP|0|0|内网IP|内网IP'),(961,'MrBird','修改菜单/按钮','57','cc.mrbird.febs.system.controller.MenuController.updateMenu()',' menu: \"Menu(menuId=6, parentId=1, menuName=部门管理, url=/system/dept, perms=dept:view, icon=, type=0, orderNum=4, createTime=null, modifyTime=Fri Jun 14 19:55:59 CST 2019)\"','172.18.96.1','2019-06-14 19:56:00','内网IP|0|0|内网IP|内网IP'),(962,'MrBird','修改角色','77','cc.mrbird.febs.system.controller.RoleController.updateRole()',' role: \"Role(roleId=2, roleName=注册账户, remark=注册账户，拥有查看，新增权限（新增用户除外）和导出Excel权限, createTime=null, modifyTime=Fri Jun 14 20:47:47 CST 2019, menuIds=1,3,161,4,14,162,5,17,163,6,20,164,2,8,10,170,136,172,113,114,127,128,129,130,131,101,102,173,109,174,137,138,139,115,132,133,135,134,126,159,116,117,119,120,121,122,123,118,125,167,168,169)\"','172.18.96.1','2019-06-14 20:47:47','内网IP|0|0|内网IP|内网IP'),(963,'MrBird','新增角色','61','cc.mrbird.febs.system.controller.RoleController.addRole()',' role: \"Role(roleId=77, roleName=Redis监控员, remark=负责Redis模块, createTime=Fri Jun 14 20:49:21 CST 2019, modifyTime=null, menuIds=2,113,114)\"','172.18.96.1','2019-06-14 20:49:22','内网IP|0|0|内网IP|内网IP'),(964,'MrBird','新增角色','66','cc.mrbird.febs.system.controller.RoleController.addRole()',' role: \"Role(roleId=78, roleName=系统监控员, remark=负责整个系统监控模块, createTime=Fri Jun 14 20:50:06 CST 2019, modifyTime=null, menuIds=2,8,23,10,24,170,136,171,172,113,114,127,128,129,130,131)\"','172.18.96.1','2019-06-14 20:50:07','内网IP|0|0|内网IP|内网IP'),(965,'MrBird','新增角色','62','cc.mrbird.febs.system.controller.RoleController.addRole()',' role: \"Role(roleId=79, roleName=跑批人员, remark=负责任务调度跑批模块, createTime=Fri Jun 14 20:51:01 CST 2019, modifyTime=null, menuIds=101,102,103,104,105,106,107,108,173,109,110,174)\"','172.18.96.1','2019-06-14 20:51:02','内网IP|0|0|内网IP|内网IP'),(966,'MrBird','新增角色','58','cc.mrbird.febs.system.controller.RoleController.addRole()',' role: \"Role(roleId=80, roleName=开发人员, remark=拥有代码生成模块的权限, createTime=Fri Jun 14 20:51:25 CST 2019, modifyTime=null, menuIds=137,138,165,139,166)\"','172.18.96.1','2019-06-14 20:51:26','内网IP|0|0|内网IP|内网IP'),(967,'MrBird','修改角色','72','cc.mrbird.febs.system.controller.RoleController.updateRole()',' role: \"Role(roleId=1, roleName=系统管理员, remark=系统管理员，拥有所有操作权限(●\'◡\'●), createTime=null, modifyTime=Fri Jun 14 20:51:57 CST 2019, menuIds=1,3,11,12,13,160,161,4,14,15,16,162,5,17,18,19,163,6,20,21,22,164,2,8,23,10,24,170,136,171,172,113,114,127,128,129,130,131,101,102,103,104,105,106,107,108,173,109,110,174,137,138,165,139,166,115,132,133,135,134,126,159,116,117,119,120,121,122,123,118,125,167,168,169)\"','172.18.96.1','2019-06-14 20:51:58','内网IP|0|0|内网IP|内网IP'),(968,'MrBird','修改角色','27','cc.mrbird.febs.system.controller.RoleController.updateRole()',' role: \"Role(roleId=1, roleName=系统管理员, remark=系统管理员，拥有所有操作权限 ^_^, createTime=null, modifyTime=Fri Jun 14 20:52:14 CST 2019, menuIds=1,3,11,12,13,160,161,4,14,15,16,162,5,17,18,19,163,6,20,21,22,164,2,8,23,10,24,170,136,171,172,113,114,127,128,129,130,131,101,102,103,104,105,106,107,108,173,109,110,174,137,138,165,139,166,115,132,133,135,134,126,159,116,117,119,120,121,122,123,118,125,167,168,169)\"','172.18.96.1','2019-06-14 20:52:14','内网IP|0|0|内网IP|内网IP'),(969,'MrBird','新增用户','20','cc.mrbird.febs.system.controller.UserController.addUser()',' user: \"User(userId=45, username=Scott, password=1d685729d113cfd03872f154939bee1c, deptId=null, email=scott@gmail.com, mobile=17722222222, status=1, createTime=Fri Jun 14 20:55:52 CST 2019, modifyTime=null, lastLoginTime=null, sex=0, avatar=default.jpg, theme=black, isTab=1, description=我是scott。, deptName=null, createTimeFrom=null, createTimeTo=null, roleId=2, roleName=null)\"','172.18.96.1','2019-06-14 20:55:53','内网IP|0|0|内网IP|内网IP'),(970,'MrBird','新增部门','14','cc.mrbird.febs.system.controller.DeptController.addDept()',' dept: \"Dept(deptId=7, parentId=0, deptName=开发部, orderNum=1, createTime=Fri Jun 14 20:56:40 CST 2019, modifyTime=null)\"','172.18.96.1','2019-06-14 20:56:41','内网IP|0|0|内网IP|内网IP'),(971,'MrBird','新增部门','17','cc.mrbird.febs.system.controller.DeptController.addDept()',' dept: \"Dept(deptId=2, parentId=1, deptName=开发一部, orderNum=1, createTime=Fri Jun 14 20:58:46 CST 2019, modifyTime=null)\"','172.18.96.1','2019-06-14 20:58:46','内网IP|0|0|内网IP|内网IP'),(972,'MrBird','新增部门','5','cc.mrbird.febs.system.controller.DeptController.addDept()',' dept: \"Dept(deptId=3, parentId=1, deptName=开发二部, orderNum=2, createTime=Fri Jun 14 20:58:55 CST 2019, modifyTime=null)\"','172.18.96.1','2019-06-14 20:58:56','内网IP|0|0|内网IP|内网IP'),(973,'MrBird','新增部门','6','cc.mrbird.febs.system.controller.DeptController.addDept()',' dept: \"Dept(deptId=4, parentId=0, deptName=采购部, orderNum=2, createTime=Fri Jun 14 20:59:55 CST 2019, modifyTime=null)\"','172.18.96.1','2019-06-14 20:59:56','内网IP|0|0|内网IP|内网IP'),(974,'MrBird','新增部门','13','cc.mrbird.febs.system.controller.DeptController.addDept()',' dept: \"Dept(deptId=5, parentId=0, deptName=财务部, orderNum=3, createTime=Fri Jun 14 21:00:08 CST 2019, modifyTime=null)\"','172.18.96.1','2019-06-14 21:00:08','内网IP|0|0|内网IP|内网IP'),(975,'MrBird','新增部门','5','cc.mrbird.febs.system.controller.DeptController.addDept()',' dept: \"Dept(deptId=6, parentId=0, deptName=销售部, orderNum=4, createTime=Fri Jun 14 21:00:15 CST 2019, modifyTime=null)\"','172.18.96.1','2019-06-14 21:00:15','内网IP|0|0|内网IP|内网IP'),(976,'MrBird','新增部门','5','cc.mrbird.febs.system.controller.DeptController.addDept()',' dept: \"Dept(deptId=7, parentId=0, deptName=工程部, orderNum=5, createTime=Fri Jun 14 21:00:41 CST 2019, modifyTime=null)\"','172.18.96.1','2019-06-14 21:00:42','内网IP|0|0|内网IP|内网IP'),(977,'MrBird','新增部门','12','cc.mrbird.febs.system.controller.DeptController.addDept()',' dept: \"Dept(deptId=8, parentId=0, deptName=行政部, orderNum=6, createTime=Fri Jun 14 21:00:48 CST 2019, modifyTime=null)\"','172.18.96.1','2019-06-14 21:00:49','内网IP|0|0|内网IP|内网IP'),(978,'MrBird','新增部门','4','cc.mrbird.febs.system.controller.DeptController.addDept()',' dept: \"Dept(deptId=9, parentId=0, deptName=人力资源部, orderNum=7, createTime=Fri Jun 14 21:01:14 CST 2019, modifyTime=null)\"','172.18.96.1','2019-06-14 21:01:14','内网IP|0|0|内网IP|内网IP'),(979,'MrBird','新增部门','12','cc.mrbird.febs.system.controller.DeptController.addDept()',' dept: \"Dept(deptId=10, parentId=0, deptName=系统部, orderNum=7, createTime=Fri Jun 14 21:01:30 CST 2019, modifyTime=null)\"','172.18.96.1','2019-06-14 21:01:31','内网IP|0|0|内网IP|内网IP'),(980,'MrBird','修改部门','15','cc.mrbird.febs.system.controller.DeptController.updateDept()',' dept: \"Dept(deptId=9, parentId=0, deptName=人力资源部, orderNum=8, createTime=null, modifyTime=Fri Jun 14 21:01:34 CST 2019)\"','172.18.96.1','2019-06-14 21:01:34','内网IP|0|0|内网IP|内网IP'),(981,'MrBird','修改用户','26','cc.mrbird.febs.system.controller.UserController.updateUser()',' user: \"User(userId=2, username=Scott, password=null, deptId=10, email=scott@gmail.com, mobile=17722222222, status=1, createTime=null, modifyTime=Fri Jun 14 21:02:10 CST 2019, lastLoginTime=null, sex=0, avatar=null, theme=null, isTab=null, description=我是scott。, deptName=null, createTimeFrom=null, createTimeTo=null, roleId=2, roleName=null)\"','172.18.96.1','2019-06-14 21:02:11','内网IP|0|0|内网IP|内网IP'),(982,'MrBird','新增用户','15','cc.mrbird.febs.system.controller.UserController.addUser()',' user: \"User(userId=3, username=Reina, password=1461afff857c02afbfb768aa3771503d, deptId=4, email=Reina@hotmail.com, mobile=17711111111, status=1, createTime=Fri Jun 14 21:07:37 CST 2019, modifyTime=null, lastLoginTime=null, sex=1, avatar=default.jpg, theme=black, isTab=1, description=由于公款私用，已被封禁。, deptName=null, createTimeFrom=null, createTimeTo=null, roleId=77, roleName=null)\"','172.18.96.1','2019-06-14 21:07:38','内网IP|0|0|内网IP|内网IP'),(983,'MrBird','修改用户','15','cc.mrbird.febs.system.controller.UserController.updateUser()',' user: \"User(userId=3, username=Reina, password=null, deptId=4, email=Reina@hotmail.com, mobile=17711111111, status=0, createTime=null, modifyTime=Fri Jun 14 21:08:48 CST 2019, lastLoginTime=null, sex=1, avatar=null, theme=null, isTab=null, description=由于公款私用，已被封禁。, deptName=null, createTimeFrom=null, createTimeTo=null, roleId=77, roleName=null)\"','172.18.96.1','2019-06-14 21:08:49','内网IP|0|0|内网IP|内网IP'),(984,'MrBird','新增用户','14','cc.mrbird.febs.system.controller.UserController.addUser()',' user: \"User(userId=4, username=Micaela, password=9f2daa2c7bed6870fcbb5b9a51d6300e, deptId=10, email=Micaela@163.com, mobile=17733333333, status=1, createTime=Fri Jun 14 21:10:13 CST 2019, modifyTime=null, lastLoginTime=null, sex=0, avatar=default.jpg, theme=black, isTab=1, description=我叫米克拉, deptName=null, createTimeFrom=null, createTimeTo=null, roleId=78, roleName=null)\"','172.18.96.1','2019-06-14 21:10:13','内网IP|0|0|内网IP|内网IP'),(985,'MrBird','新增用户','6','cc.mrbird.febs.system.controller.UserController.addUser()',' user: \"User(userId=5, username=Jana, password=176679b77b3c3e352bd3b30ddc81083e, deptId=8, email=Jana@126.com, mobile=17744444444, status=1, createTime=Fri Jun 14 21:12:16 CST 2019, modifyTime=null, lastLoginTime=null, sex=1, avatar=default.jpg, theme=black, isTab=1, description=大家好，我叫简娜, deptName=null, createTimeFrom=null, createTimeTo=null, roleId=79, roleName=null)\"','172.18.96.1','2019-06-14 21:12:16','内网IP|0|0|内网IP|内网IP'),(986,'MrBird','新增用户','63','cc.mrbird.febs.system.controller.UserController.addUser()',' user: \"User(userId=6, username=Georgie, password=dffc683378cdaa015a0ee9554c532225, deptId=3, email=Georgie@qq.com, mobile=17766666666, status=1, createTime=Fri Jun 14 21:15:09 CST 2019, modifyTime=null, lastLoginTime=null, sex=2, avatar=default.jpg, theme=black, isTab=1, description=生产环境执行rm -rf *，账号封禁中T T, deptName=null, createTimeFrom=null, createTimeTo=null, roleId=80, roleName=null)\"','172.18.96.1','2019-06-14 21:15:09','内网IP|0|0|内网IP|内网IP'),(987,'MrBird','修改用户','54','cc.mrbird.febs.system.controller.UserController.updateUser()',' user: \"User(userId=6, username=Georgie, password=null, deptId=3, email=Georgie@qq.com, mobile=17766666666, status=1, createTime=null, modifyTime=Fri Jun 14 21:15:44 CST 2019, lastLoginTime=null, sex=2, avatar=null, theme=null, isTab=null, description=生产执行rm -rf *，账号封禁T T, deptName=null, createTimeFrom=null, createTimeTo=null, roleId=80, roleName=null)\"','172.18.96.1','2019-06-14 21:15:44','内网IP|0|0|内网IP|内网IP'),(988,'MrBird','新增用户','24','cc.mrbird.febs.system.controller.UserController.addUser()',' user: \"User(userId=7, username=Margot, password=31379841b9f4bfde22b8b40471e9a6ce, deptId=9, email=Margot@qq.com, mobile=13444444444, status=1, createTime=Fri Jun 14 21:17:52 CST 2019, modifyTime=null, lastLoginTime=null, sex=1, avatar=default.jpg, theme=black, isTab=1, description=大家好我叫玛戈, deptName=null, createTimeFrom=null, createTimeTo=null, roleId=77,78, roleName=null)\"','172.18.96.1','2019-06-14 21:17:53','内网IP|0|0|内网IP|内网IP'),(989,'MrBird','修改用户','67','cc.mrbird.febs.system.controller.UserController.updateUser()',' user: \"User(userId=7, username=Margot, password=null, deptId=9, email=Margot@qq.com, mobile=13444444444, status=1, createTime=null, modifyTime=Fri Jun 14 21:18:59 CST 2019, lastLoginTime=null, sex=1, avatar=null, theme=null, isTab=null, description=大家好我叫玛戈, deptName=null, createTimeFrom=null, createTimeTo=null, roleId=78,79,80, roleName=null)\"','172.18.96.1','2019-06-14 21:18:59','内网IP|0|0|内网IP|内网IP'),(990,'MrBird','删除用户','13','cc.mrbird.febs.system.controller.UserController.deleteUsers()',' userIds: \"8\"','127.0.0.1','2019-08-03 18:00:24','内网IP|0|0|内网IP|内网IP'),(991,'MrBird','新增用户','12','cc.mrbird.febs.system.controller.UserController.addUser()',' user: \"User(userId=9, username=xxl1015, password=5c9ca82472f676383bf240a77ef278f6, deptId=1, email=928464575@qq.com, mobile=15359253734, status=1, createTime=Sat Aug 03 18:01:02 CST 2019, modifyTime=null, lastLoginTime=null, sex=0, avatar=default.jpg, theme=black, isTab=1, description=程序员, deptName=null, createTimeFrom=null, createTimeTo=null, roleId=1,2,77,78,79,80, roleName=null)\"','127.0.0.1','2019-08-03 18:01:02','内网IP|0|0|内网IP|内网IP'),(992,'xxl1015','修改菜单/按钮','8','cc.mrbird.febs.system.controller.MenuController.updateMenu()',' menu: \"Menu(menuId=115, parentId=0, menuName=其他模块, url=test/test, perms=test:test, icon=layui-icon-minus-circle, type=0, orderNum=5, createTime=null, modifyTime=Sat Aug 03 18:04:50 CST 2019)\"','127.0.0.1','2019-08-03 18:04:50','内网IP|0|0|内网IP|内网IP'),(993,'xxl1015','修改菜单/按钮','5','cc.mrbird.febs.system.controller.MenuController.updateMenu()',' menu: \"Menu(menuId=115, parentId=0, menuName=其他模块, url=test/test, perms=test:test, icon=layui-icon-appstore, type=0, orderNum=5, createTime=null, modifyTime=Sat Aug 03 18:07:01 CST 2019)\"','127.0.0.1','2019-08-03 18:07:01','内网IP|0|0|内网IP|内网IP'),(994,'xxl1015','新增用户','22','cc.mrbird.febs.system.controller.UserController.addUser()',' user: \"User(userId=10, username=makelxl, password=68eb1561b26d00ca088c722de567353b, deptId=2, email=lxl@163.com, mobile=15565666566, status=1, createTime=Mon Aug 05 09:48:59 CST 2019, modifyTime=null, lastLoginTime=null, sex=0, avatar=default.jpg, theme=black, isTab=1, description=lxl, deptName=null, createTimeFrom=null, createTimeTo=null, roleId=1,2,77,78,79,80, roleName=null)\"','127.0.0.1','2019-08-05 09:49:00','内网IP|0|0|内网IP|内网IP'),(995,'xxl1015','新增用户','7','cc.mrbird.febs.system.controller.UserController.addUser()',' user: \"User(userId=11, username=test123, password=df6fcc8d75bce266d63b54638badfe86, deptId=1, email=, mobile=, status=1, createTime=Mon Aug 05 09:50:38 CST 2019, modifyTime=null, lastLoginTime=null, sex=0, avatar=default.jpg, theme=black, isTab=1, description=, deptName=null, createTimeFrom=null, createTimeTo=null, roleId=1,2,77,78,79,80, roleName=null)\"','127.0.0.1','2019-08-05 09:50:38','内网IP|0|0|内网IP|内网IP'),(996,'test123','新增部门','6','cc.mrbird.febs.system.controller.DeptController.addDept()',' dept: \"Dept(deptId=11, parentId=0, deptName=123, orderNum=null, createTime=Mon Aug 05 09:53:32 CST 2019, modifyTime=null)\"','192.168.81.101','2019-08-05 09:53:32','内网IP|0|0|内网IP|内网IP'),(997,'test123','删除部门','17','cc.mrbird.febs.system.controller.DeptController.deleteDepts()',' deptIds: \"11\"','192.168.81.101','2019-08-05 09:53:40','内网IP|0|0|内网IP|内网IP'),(998,'xxl1015','新增菜单/按钮','10','com.aoke.apartmentsystem.system.controller.MenuController.addMenu()',' menu: \"Menu(menuId=175, parentId=0, menuName=test, url=test/test, perms=test:test, icon=layui-icon-edit-square, type=0, orderNum=1, createTime=Mon Aug 19 15:37:38 CST 2019, modifyTime=null)\"','127.0.0.1','2019-08-19 15:37:38','内网IP|0|0|内网IP|内网IP'),(999,'xxl1015','修改菜单/按钮','10','com.aoke.apartmentsystem.system.controller.MenuController.updateMenu()',' menu: \"Menu(menuId=175, parentId=0, menuName=test, url=test/test, perms=test:test, icon=layui-icon-edit-square, type=0, orderNum=6, createTime=null, modifyTime=Mon Aug 19 15:37:50 CST 2019)\"','127.0.0.1','2019-08-19 15:37:50','内网IP|0|0|内网IP|内网IP'),(1000,'xxl1015','删除菜单/按钮','37','com.aoke.apartmentsystem.system.controller.MenuController.deleteMenus()',' menuIds: \"175\"','127.0.0.1','2019-08-19 15:38:35','内网IP|0|0|内网IP|内网IP'),(1001,'xxl1015','新增菜单/按钮','9','com.aoke.apartmentsystem.system.controller.MenuController.addMenu()',' menu: \"Menu(menuId=176, parentId=0, menuName=租户管理, url=, perms=, icon=layui-icon-addteam, type=0, orderNum=null, createTime=Mon Aug 19 15:48:17 CST 2019, modifyTime=null)\"','127.0.0.1','2019-08-19 15:48:17','内网IP|0|0|内网IP|内网IP'),(1002,'xxl1015','修改菜单/按钮','10','com.aoke.apartmentsystem.system.controller.MenuController.updateMenu()',' menu: \"Menu(menuId=176, parentId=0, menuName=租户管理, url=, perms=, icon=layui-icon-addteam, type=0, orderNum=5, createTime=null, modifyTime=Mon Aug 19 15:48:28 CST 2019)\"','127.0.0.1','2019-08-19 15:48:28','内网IP|0|0|内网IP|内网IP'),(1003,'xxl1015','新增菜单/按钮','5','com.aoke.apartmentsystem.system.controller.MenuController.addMenu()',' menu: \"Menu(menuId=177, parentId=0, menuName=房产管理, url=, perms=, icon=layui-icon-attachment, type=0, orderNum=6, createTime=Mon Aug 19 15:49:53 CST 2019, modifyTime=null)\"','127.0.0.1','2019-08-19 15:49:53','内网IP|0|0|内网IP|内网IP'),(1004,'xxl1015','新增菜单/按钮','5','com.aoke.apartmentsystem.system.controller.MenuController.addMenu()',' menu: \"Menu(menuId=178, parentId=0, menuName=设备管理, url=, perms=, icon=layui-icon-wrench, type=0, orderNum=7, createTime=Mon Aug 19 15:51:09 CST 2019, modifyTime=null)\"','127.0.0.1','2019-08-19 15:51:09','内网IP|0|0|内网IP|内网IP'),(1005,'xxl1015','新增菜单/按钮','13','com.aoke.apartmentsystem.system.controller.MenuController.addMenu()',' menu: \"Menu(menuId=179, parentId=0, menuName=合同管理, url=, perms=, icon=layui-icon-filedone, type=0, orderNum=8, createTime=Mon Aug 19 15:52:00 CST 2019, modifyTime=null)\"','127.0.0.1','2019-08-19 15:52:00','内网IP|0|0|内网IP|内网IP'),(1006,'xxl1015','新增菜单/按钮','5','com.aoke.apartmentsystem.system.controller.MenuController.addMenu()',' menu: \"Menu(menuId=180, parentId=0, menuName=工单管理, url=, perms=, icon=layui-icon-fileprotect, type=0, orderNum=9, createTime=Mon Aug 19 15:52:42 CST 2019, modifyTime=null)\"','127.0.0.1','2019-08-19 15:52:42','内网IP|0|0|内网IP|内网IP'),(1007,'xxl1015','新增菜单/按钮','14','com.aoke.apartmentsystem.system.controller.MenuController.addMenu()',' menu: \"Menu(menuId=181, parentId=0, menuName=信息管理, url=, perms=, icon=layui-icon-message, type=0, orderNum=10, createTime=Mon Aug 19 15:53:42 CST 2019, modifyTime=null)\"','127.0.0.1','2019-08-19 15:53:42','内网IP|0|0|内网IP|内网IP'),(1008,'xxl1015','新增菜单/按钮','5','com.aoke.apartmentsystem.system.controller.MenuController.addMenu()',' menu: \"Menu(menuId=182, parentId=0, menuName=账单管理, url=, perms=, icon=layui-icon-calculator, type=0, orderNum=11, createTime=Mon Aug 19 15:54:35 CST 2019, modifyTime=null)\"','127.0.0.1','2019-08-19 15:54:35','内网IP|0|0|内网IP|内网IP'),(1009,'xxl1015','新增菜单/按钮','7','com.aoke.apartmentsystem.system.controller.MenuController.addMenu()',' menu: \"Menu(menuId=183, parentId=0, menuName=广告管理, url=, perms=, icon=layui-icon-rocket, type=0, orderNum=12, createTime=Mon Aug 19 15:56:28 CST 2019, modifyTime=null)\"','127.0.0.1','2019-08-19 15:56:28','内网IP|0|0|内网IP|内网IP'),(1010,'xxl1015','新增菜单/按钮','9','com.aoke.apartmentsystem.system.controller.MenuController.addMenu()',' menu: \"Menu(menuId=184, parentId=0, menuName=公告管理, url=, perms=, icon=layui-icon-question-circle, type=0, orderNum=13, createTime=Mon Aug 19 15:56:59 CST 2019, modifyTime=null)\"','127.0.0.1','2019-08-19 15:57:00','内网IP|0|0|内网IP|内网IP'),(1011,'xxl1015','新增菜单/按钮','5','com.aoke.apartmentsystem.system.controller.MenuController.addMenu()',' menu: \"Menu(menuId=185, parentId=0, menuName=代理管理, url=, perms=, icon=layui-icon-trademark, type=0, orderNum=14, createTime=Mon Aug 19 15:58:38 CST 2019, modifyTime=null)\"','127.0.0.1','2019-08-19 15:58:38','内网IP|0|0|内网IP|内网IP'),(1012,'xxl1015','新增菜单/按钮','5','com.aoke.apartmentsystem.system.controller.MenuController.addMenu()',' menu: \"Menu(menuId=186, parentId=0, menuName=账号管理, url=, perms=, icon=layui-icon-adduser, type=0, orderNum=15, createTime=Mon Aug 19 15:59:05 CST 2019, modifyTime=null)\"','127.0.0.1','2019-08-19 15:59:05','内网IP|0|0|内网IP|内网IP'),(1013,'xxl1015','新增菜单/按钮','5','com.aoke.apartmentsystem.system.controller.MenuController.addMenu()',' menu: \"Menu(menuId=187, parentId=0, menuName=角色管理, url=, perms=, icon=layui-icon-trademark, type=0, orderNum=16, createTime=Mon Aug 19 15:59:57 CST 2019, modifyTime=null)\"','127.0.0.1','2019-08-19 15:59:57','内网IP|0|0|内网IP|内网IP'),(1014,'xxl1015','修改菜单/按钮','5','com.aoke.apartmentsystem.system.controller.MenuController.updateMenu()',' menu: \"Menu(menuId=185, parentId=0, menuName=代理管理, url=, perms=, icon=layui-icon-shake, type=0, orderNum=14, createTime=null, modifyTime=Mon Aug 19 16:00:34 CST 2019)\"','127.0.0.1','2019-08-19 16:00:34','内网IP|0|0|内网IP|内网IP'),(1015,'xxl1015','新增菜单/按钮','6','com.aoke.apartmentsystem.system.controller.MenuController.addMenu()',' menu: \"Menu(menuId=188, parentId=0, menuName=数据统计, url=, perms=, icon=layui-icon-barchart, type=0, orderNum=17, createTime=Mon Aug 19 16:01:03 CST 2019, modifyTime=null)\"','127.0.0.1','2019-08-19 16:01:03','内网IP|0|0|内网IP|内网IP'),(1016,'xxl1015','新增菜单/按钮','8','com.aoke.apartmentsystem.system.controller.MenuController.addMenu()',' menu: \"Menu(menuId=189, parentId=0, menuName=日志管理, url=, perms=, icon=layui-icon-tag, type=0, orderNum=18, createTime=Mon Aug 19 16:02:22 CST 2019, modifyTime=null)\"','127.0.0.1','2019-08-19 16:02:22','内网IP|0|0|内网IP|内网IP'),(1017,'xxl1015','新增菜单/按钮','6','com.aoke.apartmentsystem.system.controller.MenuController.addMenu()',' menu: \"Menu(menuId=190, parentId=0, menuName=用户设置, url=, perms=, icon=layui-icon-setting, type=0, orderNum=19, createTime=Mon Aug 19 16:02:54 CST 2019, modifyTime=null)\"','127.0.0.1','2019-08-19 16:02:54','内网IP|0|0|内网IP|内网IP'),(1018,'xxl1015','新增菜单/按钮','6','com.aoke.apartmentsystem.system.controller.MenuController.addMenu()',' menu: \"Menu(menuId=191, parentId=0, menuName=系统设置, url=, perms=, icon=layui-icon-layout, type=0, orderNum=20, createTime=Mon Aug 19 16:03:25 CST 2019, modifyTime=null)\"','127.0.0.1','2019-08-19 16:03:25','内网IP|0|0|内网IP|内网IP'),(1019,'xxl1015','修改角色','37','com.aoke.apartmentsystem.system.controller.RoleController.updateRole()',' role: \"Role(roleId=1, roleName=系统管理员, remark=系统管理员，拥有所有操作权限 ^_^, createTime=null, modifyTime=Mon Aug 19 16:04:40 CST 2019, menuIds=1,3,11,12,13,160,161,4,14,15,16,162,5,17,18,19,163,6,20,21,22,164,2,8,23,10,24,170,136,171,172,113,114,127,128,129,130,131,101,102,103,104,105,106,107,108,173,109,110,174,137,138,165,139,166,115,132,133,135,134,126,159,116,117,119,120,121,122,123,118,125,167,168,169,176,177,178,179,180,181,182,183,184,185,186,187,188,189,190,191)\"','127.0.0.1','2019-08-19 16:04:40','内网IP|0|0|内网IP|内网IP'),(1020,'xxl1015','新增菜单/按钮','5','com.aoke.apartmentsystem.system.controller.MenuController.addMenu()',' menu: \"Menu(menuId=192, parentId=186, menuName=用户管理, url=/system/user, perms=user:view, icon=, type=0, orderNum=1, createTime=Mon Aug 19 16:12:28 CST 2019, modifyTime=null)\"','127.0.0.1','2019-08-19 16:12:28','内网IP|0|0|内网IP|内网IP'),(1021,'xxl1015','新增菜单/按钮','5','com.aoke.apartmentsystem.system.controller.MenuController.addMenu()',' menu: \"Menu(menuId=193, parentId=192, menuName=新增用户, url=null, perms=user:add, icon=null, type=1, orderNum=null, createTime=Mon Aug 19 16:13:50 CST 2019, modifyTime=null)\"','127.0.0.1','2019-08-19 16:13:50','内网IP|0|0|内网IP|内网IP'),(1022,'xxl1015','新增菜单/按钮','5','com.aoke.apartmentsystem.system.controller.MenuController.addMenu()',' menu: \"Menu(menuId=194, parentId=192, menuName=修改用户, url=null, perms=user:update, icon=null, type=1, orderNum=null, createTime=Mon Aug 19 16:14:19 CST 2019, modifyTime=null)\"','127.0.0.1','2019-08-19 16:14:19','内网IP|0|0|内网IP|内网IP'),(1023,'xxl1015','新增菜单/按钮','5','com.aoke.apartmentsystem.system.controller.MenuController.addMenu()',' menu: \"Menu(menuId=195, parentId=192, menuName=删除用户, url=null, perms=user:delete, icon=null, type=1, orderNum=null, createTime=Mon Aug 19 16:14:42 CST 2019, modifyTime=null)\"','127.0.0.1','2019-08-19 16:14:42','内网IP|0|0|内网IP|内网IP'),(1024,'xxl1015','新增菜单/按钮','5','com.aoke.apartmentsystem.system.controller.MenuController.addMenu()',' menu: \"Menu(menuId=196, parentId=192, menuName=密码重置, url=null, perms=user:password:reset, icon=null, type=1, orderNum=null, createTime=Mon Aug 19 16:15:14 CST 2019, modifyTime=null)\"','127.0.0.1','2019-08-19 16:15:14','内网IP|0|0|内网IP|内网IP'),(1025,'xxl1015','新增菜单/按钮','5','com.aoke.apartmentsystem.system.controller.MenuController.addMenu()',' menu: \"Menu(menuId=197, parentId=192, menuName=导出Excel, url=null, perms=user:export, icon=null, type=1, orderNum=null, createTime=Mon Aug 19 16:15:59 CST 2019, modifyTime=null)\"','127.0.0.1','2019-08-19 16:15:59','内网IP|0|0|内网IP|内网IP'),(1026,'xxl1015','修改角色','45','com.aoke.apartmentsystem.system.controller.RoleController.updateRole()',' role: \"Role(roleId=1, roleName=系统管理员, remark=系统管理员，拥有所有操作权限 ^_^, createTime=null, modifyTime=Mon Aug 19 16:17:04 CST 2019, menuIds=1,3,11,12,13,160,161,4,14,15,16,162,5,17,18,19,163,6,20,21,22,164,2,8,23,10,24,170,136,171,172,113,114,127,128,129,130,131,101,102,103,104,105,106,107,108,173,109,110,174,137,138,165,139,166,115,132,133,135,134,126,159,116,117,119,120,121,122,123,118,125,167,168,169,176,177,178,179,180,181,182,183,184,185,186,192,193,194,195,196,197,187,188,189,190,191)\"','127.0.0.1','2019-08-19 16:17:04','内网IP|0|0|内网IP|内网IP'),(1027,'xxl1015','删除菜单/按钮','57','com.aoke.apartmentsystem.system.controller.MenuController.deleteMenus()',' menuIds: \"186,187\"','127.0.0.1','2019-08-19 16:25:04','内网IP|0|0|内网IP|内网IP'),(1028,'xxl1015','删除菜单/按钮','21','com.aoke.apartmentsystem.system.controller.MenuController.deleteMenus()',' menuIds: \"190\"','127.0.0.1','2019-08-19 16:25:54','内网IP|0|0|内网IP|内网IP'),(1029,'xxl1015','修改菜单/按钮','8','com.aoke.apartmentsystem.system.controller.MenuController.updateMenu()',' menu: \"Menu(menuId=115, parentId=0, menuName=其他模块, url=, perms=, icon=layui-icon-appstore, type=0, orderNum=5, createTime=null, modifyTime=Mon Aug 19 16:26:39 CST 2019)\"','127.0.0.1','2019-08-19 16:26:39','内网IP|0|0|内网IP|内网IP'),(1030,'xxl1015','修改GeneratorConfig','12','com.aoke.apartmentsystem.generator.controller.GeneratorConfigController.updateGeneratorConfig()',' generatorConfig: GeneratorConfig(id=1, author=MrBird, basePackage=com.aoke.apartmentsystem.gen, entityPackage=entity, mapperPackage=mapper, mapperXmlPackage=mapper, servicePackage=service, serviceImplPackage=service.impl, controllerPackage=controller, isTrim=1, trimValue=t_, javaPath=/src/main/java/, resourcesPath=src/main/resources, date=2019-08-19 16:27:17, tableName=null, tableComment=null, className=null)','127.0.0.1','2019-08-19 16:27:17','内网IP|0|0|内网IP|内网IP'),(1031,'xxl1015','修改GeneratorConfig','7','com.aoke.apartmentsystem.generator.controller.GeneratorConfigController.updateGeneratorConfig()',' generatorConfig: GeneratorConfig(id=1, author=xxl1015, basePackage=com.aoke.apartmentsystem.gen, entityPackage=entity, mapperPackage=mapper, mapperXmlPackage=mapper, servicePackage=service, serviceImplPackage=service.impl, controllerPackage=controller, isTrim=1, trimValue=t_, javaPath=/src/main/java/, resourcesPath=src/main/resources, date=2019-08-19 16:27:26, tableName=null, tableComment=null, className=null)','127.0.0.1','2019-08-19 16:27:26','内网IP|0|0|内网IP|内网IP'),(1032,'xxl1015','修改GeneratorConfig','7','com.aoke.apartmentsystem.generator.controller.GeneratorConfigController.updateGeneratorConfig()',' generatorConfig: GeneratorConfig(id=1, author=xxl1015, basePackage=com.aoke.apartmentsystem.gen, entityPackage=entity, mapperPackage=mapper, mapperXmlPackage=mapper, servicePackage=service, serviceImplPackage=service.impl, controllerPackage=controller, isTrim=1, trimValue=t_, javaPath=/src/main/java/, resourcesPath=src/main/resources, date=2019-08-19 16:27:27, tableName=null, tableComment=null, className=null)','127.0.0.1','2019-08-19 16:27:27','内网IP|0|0|内网IP|内网IP'),(1033,'xxl1015','修改菜单/按钮','6','com.aoke.apartmentsystem.system.controller.MenuController.updateMenu()',' menu: \"Menu(menuId=2, parentId=0, menuName=系统监控, url=, perms=, icon=layui-icon-alert, type=0, orderNum=21, createTime=null, modifyTime=Mon Aug 19 16:29:33 CST 2019)\"','127.0.0.1','2019-08-19 16:29:33','内网IP|0|0|内网IP|内网IP'),(1034,'xxl1015','修改菜单/按钮','5','com.aoke.apartmentsystem.system.controller.MenuController.updateMenu()',' menu: \"Menu(menuId=101, parentId=0, menuName=任务调度, url=, perms=, icon=layui-icon-time-circle, type=0, orderNum=22, createTime=null, modifyTime=Mon Aug 19 16:29:38 CST 2019)\"','127.0.0.1','2019-08-19 16:29:38','内网IP|0|0|内网IP|内网IP'),(1035,'xxl1015','修改菜单/按钮','6','com.aoke.apartmentsystem.system.controller.MenuController.updateMenu()',' menu: \"Menu(menuId=137, parentId=0, menuName=代码生成, url=, perms=, icon=layui-icon-verticalright, type=0, orderNum=23, createTime=null, modifyTime=Mon Aug 19 16:29:43 CST 2019)\"','127.0.0.1','2019-08-19 16:29:43','内网IP|0|0|内网IP|内网IP'),(1036,'xxl1015','修改菜单/按钮','5','com.aoke.apartmentsystem.system.controller.MenuController.updateMenu()',' menu: \"Menu(menuId=115, parentId=0, menuName=其他模块, url=, perms=, icon=layui-icon-appstore, type=0, orderNum=24, createTime=null, modifyTime=Mon Aug 19 16:29:49 CST 2019)\"','127.0.0.1','2019-08-19 16:29:49','内网IP|0|0|内网IP|内网IP'),(1037,'xxl1015','新增菜单/按钮','8','com.aoke.apartmentsystem.system.controller.MenuController.addMenu()',' menu: \"Menu(menuId=198, parentId=176, menuName=租户管理, url=system/tenant, perms=tenant:view, icon=, type=0, orderNum=1, createTime=Mon Aug 19 16:31:39 CST 2019, modifyTime=null)\"','127.0.0.1','2019-08-19 16:31:39','内网IP|0|0|内网IP|内网IP'),(1038,'xxl1015','修改菜单/按钮','5','com.aoke.apartmentsystem.system.controller.MenuController.updateMenu()',' menu: \"Menu(menuId=198, parentId=176, menuName=租户管理, url=/system/tenant, perms=tenant:view, icon=, type=0, orderNum=1, createTime=null, modifyTime=Mon Aug 19 16:31:56 CST 2019)\"','127.0.0.1','2019-08-19 16:31:56','内网IP|0|0|内网IP|内网IP'),(1039,'xxl1015','新增菜单/按钮','5','com.aoke.apartmentsystem.system.controller.MenuController.addMenu()',' menu: \"Menu(menuId=199, parentId=177, menuName=小区管理, url=/system/community, perms=community:view, icon=, type=0, orderNum=1, createTime=Mon Aug 19 16:33:19 CST 2019, modifyTime=null)\"','127.0.0.1','2019-08-19 16:33:19','内网IP|0|0|内网IP|内网IP'),(1040,'xxl1015','新增菜单/按钮','5','com.aoke.apartmentsystem.system.controller.MenuController.addMenu()',' menu: \"Menu(menuId=200, parentId=177, menuName=楼栋管理, url=/system/building, perms=building:view, icon=, type=0, orderNum=2, createTime=Mon Aug 19 16:34:11 CST 2019, modifyTime=null)\"','127.0.0.1','2019-08-19 16:34:11','内网IP|0|0|内网IP|内网IP'),(1041,'xxl1015','新增菜单/按钮','5','com.aoke.apartmentsystem.system.controller.MenuController.addMenu()',' menu: \"Menu(menuId=201, parentId=177, menuName=房间管理, url=/system/room, perms=room:view, icon=, type=0, orderNum=3, createTime=Mon Aug 19 16:34:50 CST 2019, modifyTime=null)\"','127.0.0.1','2019-08-19 16:34:50','内网IP|0|0|内网IP|内网IP'),(1042,'xxl1015','新增菜单/按钮','5','com.aoke.apartmentsystem.system.controller.MenuController.addMenu()',' menu: \"Menu(menuId=202, parentId=199, menuName=创建小区, url=/system/community/add, perms=community:add:view, icon=, type=0, orderNum=1, createTime=Mon Aug 19 16:36:35 CST 2019, modifyTime=null)\"','127.0.0.1','2019-08-19 16:36:35','内网IP|0|0|内网IP|内网IP'),(1043,'xxl1015','删除菜单/按钮','24','com.aoke.apartmentsystem.system.controller.MenuController.deleteMenus()',' menuIds: \"202\"','127.0.0.1','2019-08-19 16:36:50','内网IP|0|0|内网IP|内网IP'),(1044,'xxl1015','新增菜单/按钮','5','com.aoke.apartmentsystem.system.controller.MenuController.addMenu()',' menu: \"Menu(menuId=203, parentId=199, menuName=创建小区, url=null, perms=community:add:view, icon=null, type=1, orderNum=null, createTime=Mon Aug 19 16:37:18 CST 2019, modifyTime=null)\"','127.0.0.1','2019-08-19 16:37:18','内网IP|0|0|内网IP|内网IP'),(1045,'xxl1015','修改角色','21','com.aoke.apartmentsystem.system.controller.RoleController.updateRole()',' role: \"Role(roleId=1, roleName=系统管理员, remark=系统管理员，拥有所有操作权限 ^_^, createTime=null, modifyTime=Mon Aug 19 16:37:45 CST 2019, menuIds=1,3,11,12,13,160,161,4,14,15,16,162,5,17,18,19,163,6,20,21,22,164,176,198,177,199,203,200,201,178,179,180,181,182,183,184,185,188,189,191,2,8,23,10,24,170,136,171,172,113,114,127,128,129,130,131,101,102,103,104,105,106,107,108,173,109,110,174,137,138,165,139,166,115,132,133,135,134,126,159,116,117,119,120,121,122,123,118,125,167,168,169)\"','127.0.0.1','2019-08-19 16:37:45','内网IP|0|0|内网IP|内网IP'),(1046,'xxl1015','新增菜单/按钮','16','com.aoke.apartmentsystem.system.controller.MenuController.addMenu()',' menu: \"Menu(menuId=204, parentId=179, menuName=合同管理, url=/system/contract, perms=contract:view, icon=, type=0, orderNum=1, createTime=Mon Aug 19 16:41:23 CST 2019, modifyTime=null)\"','127.0.0.1','2019-08-19 16:41:23','内网IP|0|0|内网IP|内网IP'),(1047,'xxl1015','新增菜单/按钮','5','com.aoke.apartmentsystem.system.controller.MenuController.addMenu()',' menu: \"Menu(menuId=205, parentId=179, menuName=模板管理, url=/system/template, perms=template:view, icon=, type=0, orderNum=2, createTime=Mon Aug 19 16:42:10 CST 2019, modifyTime=null)\"','127.0.0.1','2019-08-19 16:42:10','内网IP|0|0|内网IP|内网IP'),(1048,'xxl1015','新增菜单/按钮','5','com.aoke.apartmentsystem.system.controller.MenuController.addMenu()',' menu: \"Menu(menuId=206, parentId=179, menuName=层级关系, url=/system/hierarchy, perms=hierarchy:view, icon=, type=0, orderNum=3, createTime=Mon Aug 19 16:43:11 CST 2019, modifyTime=null)\"','127.0.0.1','2019-08-19 16:43:11','内网IP|0|0|内网IP|内网IP'),(1049,'xxl1015','新增菜单/按钮','5','com.aoke.apartmentsystem.system.controller.MenuController.addMenu()',' menu: \"Menu(menuId=207, parentId=178, menuName=添加设备, url=/system/device/add, perms=device:add:view, icon=, type=0, orderNum=1, createTime=Mon Aug 19 16:44:22 CST 2019, modifyTime=null)\"','127.0.0.1','2019-08-19 16:44:22','内网IP|0|0|内网IP|内网IP'),(1050,'xxl1015','新增菜单/按钮','4','com.aoke.apartmentsystem.system.controller.MenuController.addMenu()',' menu: \"Menu(menuId=208, parentId=207, menuName=编辑设备, url=null, perms=device:edit:view, icon=null, type=1, orderNum=null, createTime=Mon Aug 19 16:45:53 CST 2019, modifyTime=null)\"','127.0.0.1','2019-08-19 16:45:53','内网IP|0|0|内网IP|内网IP'),(1051,'xxl1015','新增菜单/按钮','6','com.aoke.apartmentsystem.system.controller.MenuController.addMenu()',' menu: \"Menu(menuId=209, parentId=207, menuName=删除设备, url=null, perms=device:delete:view, icon=null, type=1, orderNum=null, createTime=Mon Aug 19 16:46:28 CST 2019, modifyTime=null)\"','127.0.0.1','2019-08-19 16:46:28','内网IP|0|0|内网IP|内网IP'),(1052,'xxl1015','修改角色','21','com.aoke.apartmentsystem.system.controller.RoleController.updateRole()',' role: \"Role(roleId=1, roleName=系统管理员, remark=系统管理员，拥有所有操作权限 ^_^, createTime=null, modifyTime=Mon Aug 19 16:47:07 CST 2019, menuIds=1,3,11,12,13,160,161,4,14,15,16,162,5,17,18,19,163,6,20,21,22,164,176,198,177,199,203,200,201,178,207,208,209,179,204,205,206,180,181,182,183,184,185,188,189,191,2,8,23,10,24,170,136,171,172,113,114,127,128,129,130,131,101,102,103,104,105,106,107,108,173,109,110,174,137,138,165,139,166,115,132,133,135,134,126,159,116,117,119,120,121,122,123,118,125,167,168,169)\"','127.0.0.1','2019-08-19 16:47:07','内网IP|0|0|内网IP|内网IP'),(1053,'xxl1015','新增菜单/按钮','7','com.aoke.apartmentsystem.system.controller.MenuController.addMenu()',' menu: \"Menu(menuId=210, parentId=198, menuName=新增租户, url=null, perms=tenant:add, icon=null, type=1, orderNum=null, createTime=Mon Aug 19 18:05:31 CST 2019, modifyTime=null)\"','127.0.0.1','2019-08-19 18:05:31','内网IP|0|0|内网IP|内网IP'),(1054,'xxl1015','修改角色','24','com.aoke.apartmentsystem.system.controller.RoleController.updateRole()',' role: \"Role(roleId=1, roleName=系统管理员, remark=系统管理员，拥有所有操作权限 ^_^, createTime=null, modifyTime=Mon Aug 19 18:05:40 CST 2019, menuIds=1,3,11,12,13,160,161,4,14,15,16,162,5,17,18,19,163,6,20,21,22,164,176,198,210,177,199,203,200,201,178,207,208,209,179,204,205,206,180,181,182,183,184,185,188,189,191,2,8,23,10,24,170,136,171,172,113,114,127,128,129,130,131,101,102,103,104,105,106,107,108,173,109,110,174,137,138,165,139,166,115,132,133,135,134,126,159,116,117,119,120,121,122,123,118,125,167,168,169)\"','127.0.0.1','2019-08-19 18:05:40','内网IP|0|0|内网IP|内网IP'),(1055,'xxl1015','新增菜单/按钮','10','com.aoke.apartmentsystem.system.controller.MenuController.addMenu()',' menu: \"Menu(menuId=211, parentId=0, menuName=修改租户, url=null, perms=tenant:update, icon=null, type=1, orderNum=null, createTime=Thu Aug 22 16:43:04 CST 2019, modifyTime=null)\"','127.0.0.1','2019-08-22 16:43:04','内网IP|0|0|内网IP|内网IP'),(1056,'xxl1015','删除菜单/按钮','27','com.aoke.apartmentsystem.system.controller.MenuController.deleteMenus()',' menuIds: \"211\"','127.0.0.1','2019-08-22 16:43:33','内网IP|0|0|内网IP|内网IP'),(1057,'xxl1015','新增菜单/按钮','5','com.aoke.apartmentsystem.system.controller.MenuController.addMenu()',' menu: \"Menu(menuId=212, parentId=198, menuName=修改租户, url=null, perms=tenant:update, icon=null, type=1, orderNum=null, createTime=Thu Aug 22 16:43:48 CST 2019, modifyTime=null)\"','127.0.0.1','2019-08-22 16:43:48','内网IP|0|0|内网IP|内网IP'),(1058,'xxl1015','新增菜单/按钮','5','com.aoke.apartmentsystem.system.controller.MenuController.addMenu()',' menu: \"Menu(menuId=213, parentId=198, menuName=删除租户, url=null, perms=tenant:delete, icon=null, type=1, orderNum=null, createTime=Thu Aug 22 16:44:16 CST 2019, modifyTime=null)\"','127.0.0.1','2019-08-22 16:44:16','内网IP|0|0|内网IP|内网IP'),(1059,'xxl1015','修改角色','39','com.aoke.apartmentsystem.system.controller.RoleController.updateRole()',' role: \"Role(roleId=1, roleName=系统管理员, remark=系统管理员，拥有所有操作权限 ^_^, createTime=null, modifyTime=Thu Aug 22 16:45:06 CST 2019, menuIds=1,3,11,12,13,160,161,4,14,15,16,162,5,17,18,19,163,6,20,21,22,164,176,198,210,212,213,177,199,203,200,201,178,207,208,209,179,204,205,206,180,181,182,183,184,185,188,189,191,2,8,23,10,24,170,136,171,172,113,114,127,128,129,130,131,101,102,103,104,105,106,107,108,173,109,110,174,137,138,165,139,166,115,132,133,135,134,126,159,116,117,119,120,121,122,123,118,125,167,168,169)\"','127.0.0.1','2019-08-22 16:45:06','内网IP|0|0|内网IP|内网IP'),(1060,'xxl1015','删除用户','17','com.aoke.apartmentsystem.system.controller.UserController.deleteUsers()',' userIds: \"3\"','127.0.0.1','2019-09-02 09:52:11','内网IP|0|0|内网IP|内网IP'),(1061,'xxl1015','新增菜单/按钮','11','com.aoke.apartmentsystem.system.controller.MenuController.addMenu()',' menu: \"Menu(menuId=214, parentId=199, menuName=修改小区, url=null, perms=village:update, icon=null, type=1, orderNum=null, createTime=Mon Sep 02 16:21:51 CST 2019, modifyTime=null)\"','127.0.0.1','2019-09-02 16:21:51','内网IP|0|0|内网IP|内网IP'),(1062,'xxl1015','新增菜单/按钮','5','com.aoke.apartmentsystem.system.controller.MenuController.addMenu()',' menu: \"Menu(menuId=215, parentId=199, menuName=删除小区, url=null, perms=village:delete, icon=null, type=1, orderNum=null, createTime=Mon Sep 02 16:22:31 CST 2019, modifyTime=null)\"','127.0.0.1','2019-09-02 16:22:31','内网IP|0|0|内网IP|内网IP'),(1063,'xxl1015','修改角色','44','com.aoke.apartmentsystem.system.controller.RoleController.updateRole()',' role: \"Role(roleId=1, roleName=系统管理员, remark=系统管理员，拥有所有操作权限 ^_^, createTime=null, modifyTime=Mon Sep 02 16:23:32 CST 2019, menuIds=1,3,11,12,13,160,161,4,14,15,16,162,5,17,18,19,163,6,20,21,22,164,176,198,210,212,213,177,199,203,214,215,200,201,178,207,208,209,179,204,205,206,180,181,182,183,184,185,188,189,191,2,8,23,10,24,170,136,171,172,113,114,127,128,129,130,131,101,102,103,104,105,106,107,108,173,109,110,174,137,138,165,139,166,115,132,133,135,134,126,159,116,117,119,120,121,122,123,118,125,167,168,169)\"','127.0.0.1','2019-09-02 16:23:32','内网IP|0|0|内网IP|内网IP'),(1064,'xxl1015','修改菜单/按钮','6','com.aoke.apartmentsystem.system.controller.MenuController.updateMenu()',' menu: \"Menu(menuId=203, parentId=199, menuName=创建小区, url=null, perms=village:add, icon=null, type=1, orderNum=null, createTime=null, modifyTime=Mon Sep 02 16:25:53 CST 2019)\"','127.0.0.1','2019-09-02 16:25:53','内网IP|0|0|内网IP|内网IP'),(1065,'xxl1015','新增菜单/按钮','4','com.aoke.apartmentsystem.system.controller.MenuController.addMenu()',' menu: \"Menu(menuId=216, parentId=199, menuName=导出Excel, url=null, perms=village:export, icon=null, type=1, orderNum=null, createTime=Mon Sep 02 16:26:25 CST 2019, modifyTime=null)\"','127.0.0.1','2019-09-02 16:26:25','内网IP|0|0|内网IP|内网IP'),(1066,'xxl1015','修改角色','26','com.aoke.apartmentsystem.system.controller.RoleController.updateRole()',' role: \"Role(roleId=1, roleName=系统管理员, remark=系统管理员，拥有所有操作权限 ^_^, createTime=null, modifyTime=Mon Sep 02 16:26:35 CST 2019, menuIds=1,3,11,12,13,160,161,4,14,15,16,162,5,17,18,19,163,6,20,21,22,164,176,198,210,212,213,177,199,203,214,215,216,200,201,178,207,208,209,179,204,205,206,180,181,182,183,184,185,188,189,191,2,8,23,10,24,170,136,171,172,113,114,127,128,129,130,131,101,102,103,104,105,106,107,108,173,109,110,174,137,138,165,139,166,115,132,133,135,134,126,159,116,117,119,120,121,122,123,118,125,167,168,169)\"','127.0.0.1','2019-09-02 16:26:35','内网IP|0|0|内网IP|内网IP'),(1067,'xxl1015','修改菜单/按钮','11','com.aoke.apartmentsystem.system.controller.MenuController.updateMenu()',' menu: \"Menu(menuId=207, parentId=178, menuName=设备管理, url=/system/device, perms=device:view, icon=, type=0, orderNum=1, createTime=null, modifyTime=Tue Sep 03 11:50:27 CST 2019)\"','127.0.0.1','2019-09-03 11:50:27','内网IP|0|0|内网IP|内网IP'),(1068,'xxl1015','新增菜单/按钮','6','com.aoke.apartmentsystem.system.controller.MenuController.addMenu()',' menu: \"Menu(menuId=217, parentId=207, menuName=创建设备, url=null, perms=device:add, icon=null, type=1, orderNum=null, createTime=Tue Sep 03 11:51:19 CST 2019, modifyTime=null)\"','127.0.0.1','2019-09-03 11:51:19','内网IP|0|0|内网IP|内网IP'),(1069,'xxl1015','修改菜单/按钮','12','com.aoke.apartmentsystem.system.controller.MenuController.updateMenu()',' menu: \"Menu(menuId=208, parentId=207, menuName=编辑设备, url=null, perms=device:edit, icon=null, type=1, orderNum=null, createTime=null, modifyTime=Tue Sep 03 11:52:29 CST 2019)\"','127.0.0.1','2019-09-03 11:52:29','内网IP|0|0|内网IP|内网IP'),(1070,'xxl1015','修改菜单/按钮','5','com.aoke.apartmentsystem.system.controller.MenuController.updateMenu()',' menu: \"Menu(menuId=209, parentId=207, menuName=删除设备, url=null, perms=device:delete, icon=null, type=1, orderNum=null, createTime=null, modifyTime=Tue Sep 03 11:52:37 CST 2019)\"','127.0.0.1','2019-09-03 11:52:37','内网IP|0|0|内网IP|内网IP'),(1071,'xxl1015','修改菜单/按钮','5','com.aoke.apartmentsystem.system.controller.MenuController.updateMenu()',' menu: \"Menu(menuId=208, parentId=207, menuName=编辑设备, url=null, perms=device:update, icon=null, type=1, orderNum=null, createTime=null, modifyTime=Tue Sep 03 11:53:05 CST 2019)\"','127.0.0.1','2019-09-03 11:53:05','内网IP|0|0|内网IP|内网IP'),(1072,'xxl1015','修改角色','40','com.aoke.apartmentsystem.system.controller.RoleController.updateRole()',' role: \"Role(roleId=1, roleName=系统管理员, remark=系统管理员，拥有所有操作权限 ^_^, createTime=null, modifyTime=Tue Sep 03 11:53:15 CST 2019, menuIds=1,3,11,12,13,160,161,4,14,15,16,162,5,17,18,19,163,6,20,21,22,164,176,198,210,212,213,177,199,203,214,215,216,200,201,178,207,208,209,217,179,204,205,206,180,181,182,183,184,185,188,189,191,2,8,23,10,24,170,136,171,172,113,114,127,128,129,130,131,101,102,103,104,105,106,107,108,173,109,110,174,137,138,165,139,166,115,132,133,135,134,126,159,116,117,119,120,121,122,123,118,125,167,168,169)\"','127.0.0.1','2019-09-03 11:53:15','内网IP|0|0|内网IP|内网IP'),(1073,'xxl1015','删除设备','5','com.aoke.apartmentsystem.system.controller.DeviceController.deleteDevices()',' deviceIds: \"5352\"','127.0.0.1','2019-09-03 13:44:25','内网IP|0|0|内网IP|内网IP'),(1074,'xxl1015','新增小区','17','com.aoke.apartmentsystem.system.controller.VillageController.addVillage()',' village: \"Village{villageId=null, villageName=\'hgfhbb\', villageAddress=\'fdgffdg\', villageType=0, buildingNum=0, roomNum=0, charge=\'null\', chargePhone=\'null\', jw=\'null\', chargePic=\'null\', villagePic=\'null\', villageOrther=\'null\', villageMsg=\'null\', createBy=\'null\', createTime=null, updateBy=\'null\', updateTime=null, delFlag=0}\"','127.0.0.1','2019-09-03 16:32:03','内网IP|0|0|内网IP|内网IP'),(1075,'xxl1015','新增小区','76','com.aoke.apartmentsystem.system.controller.VillageController.addVillage()',' village: \"Village{villageId=null, villageName=\'test1\', villageAddress=\'xmxmxm\', villageType=0, buildingNum=0, roomNum=0, charge=\'null\', chargePhone=\'null\', jw=\'null\', chargePic=\'null\', villagePic=\'null\', villageOrther=\'null\', villageMsg=\'null\', createBy=\'null\', createTime=null, updateBy=\'null\', updateTime=null, delFlag=0}\"','127.0.0.1','2019-09-03 16:33:44','内网IP|0|0|内网IP|内网IP'),(1076,'xxl1015','新增小区','67','com.aoke.apartmentsystem.system.controller.VillageController.addVillage()',' village: \"Village{villageId=2, villageName=\'test01\', villageAddress=\'test01test01\', villageType=0, buildingNum=0, roomNum=0, charge=\'null\', chargePhone=\'null\', jw=\'null\', chargePic=\'null\', villagePic=\'null\', villageOrther=\'null\', villageMsg=\'null\', createBy=\'null\', createTime=null, updateBy=\'null\', updateTime=null, delFlag=0}\"','127.0.0.1','2019-09-03 16:37:59','内网IP|0|0|内网IP|内网IP'),(1077,'xxl1015','新增小区','74','com.aoke.apartmentsystem.system.controller.VillageController.addVillage()',' village: \"Village{villageId=3, villageName=\'dgfdgf\', villageAddress=\'gfdgfdgdfgfdg\', villageType=0, buildingNum=0, roomNum=0, charge=\'ddfgdf\', chargePhone=\'15359253683\', jw=\'null\', chargePic=\'\', villagePic=\'\', villageOrther=\'null\', villageMsg=\'null\', createBy=\'null\', createTime=null, updateBy=\'null\', updateTime=null, delFlag=0}\"','127.0.0.1','2019-09-03 17:05:02','内网IP|0|0|内网IP|内网IP'),(1078,'xxl1015','新增小区','72','com.aoke.apartmentsystem.system.controller.VillageController.addVillage()',' village: \"Village{villageId=4, villageName=\'ddfdgf\', villageAddress=\'fdgfddgfdg\', villageType=0, buildingNum=20, roomNum=100, charge=\'dfgdfg\', chargePhone=\'1535954544\', jw=\'null\', chargePic=\'\', villagePic=\'\', villageOrther=\'null\', villageMsg=\'dfgffdg\', createBy=\'null\', createTime=Tue Sep 03 17:16:25 CST 2019, updateBy=\'null\', updateTime=null, delFlag=0}\"','127.0.0.1','2019-09-03 17:16:25','内网IP|0|0|内网IP|内网IP'),(1079,'xxl1015','新增小区','72','com.aoke.apartmentsystem.system.controller.VillageController.addVillage()',' village: \"Village{villageId=5, villageName=\'fgdfgfg\', villageAddress=\'dgfdgfdg\', villageType=0, buildingNum=20, roomNum=100, charge=\'fdgfdg\', chargePhone=\'15687856786\', jw=\'null\', chargePic=\'\', villagePic=\'\', villageOrther=\'null\', villageMsg=\'dfgfdgdf\', createBy=\'null\', createTime=Tue Sep 03 17:19:59 CST 2019, updateBy=\'null\', updateTime=null, delFlag=0}\"','127.0.0.1','2019-09-03 17:19:59','内网IP|0|0|内网IP|内网IP'),(1080,'xxl1015','新增小区','6','com.aoke.apartmentsystem.system.controller.VillageController.addVillage()',' village: \"Village{villageId=6, villageName=\'sdgfg\', villageAddress=\'fdgfdgfd\', villageType=0, buildingNum=20, roomNum=100, charge=\'dfgfdgfd\', chargePhone=\'1565645645\', jw=\'null\', chargePic=\'\', villagePic=\'\', villageOrther=\'null\', villageMsg=\'fdgfdgfd\', createBy=\'xxl1015\', createTime=Tue Sep 03 17:20:29 CST 2019, updateBy=\'null\', updateTime=null, delFlag=0}\"','127.0.0.1','2019-09-03 17:20:29','内网IP|0|0|内网IP|内网IP'),(1081,'xxl1015','删除小区','1','com.aoke.apartmentsystem.system.controller.VillageController.deleteVillages()',' villageIds: \"2\"','127.0.0.1','2019-09-03 17:32:06','内网IP|0|0|内网IP|内网IP'),(1082,'xxl1015','删除小区','1','com.aoke.apartmentsystem.system.controller.VillageController.deleteVillages()',' villageIds: \"2\"','127.0.0.1','2019-09-03 17:32:13','内网IP|0|0|内网IP|内网IP'),(1083,'xxl1015','删除小区','1','com.aoke.apartmentsystem.system.controller.VillageController.deleteVillages()',' villageIds: \"2\"','127.0.0.1','2019-09-03 17:32:19','内网IP|0|0|内网IP|内网IP'),(1084,'xxl1015','删除小区','543274','com.aoke.apartmentsystem.system.controller.VillageController.deleteVillages()',' villageIds: \"2\"','127.0.0.1','2019-09-03 17:42:13','内网IP|0|0|内网IP|内网IP'),(1085,'xxl1015','删除小区','36','com.aoke.apartmentsystem.system.controller.VillageController.deleteVillages()',' villageIds: \"2\"','127.0.0.1','2019-09-03 17:48:21','内网IP|0|0|内网IP|内网IP'),(1086,'xxl1015','新增菜单/按钮','6','com.aoke.apartmentsystem.system.controller.MenuController.addMenu()',' menu: \"Menu(menuId=218, parentId=200, menuName=新增楼栋, url=null, perms=building:add, icon=null, type=1, orderNum=null, createTime=Sat Sep 07 14:24:08 CST 2019, modifyTime=null)\"','127.0.0.1','2019-09-07 14:24:08','内网IP|0|0|内网IP|内网IP'),(1087,'xxl1015','新增菜单/按钮','5','com.aoke.apartmentsystem.system.controller.MenuController.addMenu()',' menu: \"Menu(menuId=219, parentId=200, menuName=删除楼栋, url=null, perms=building:delete, icon=null, type=1, orderNum=null, createTime=Sat Sep 07 14:24:58 CST 2019, modifyTime=null)\"','127.0.0.1','2019-09-07 14:24:58','内网IP|0|0|内网IP|内网IP'),(1088,'xxl1015','新增菜单/按钮','6','com.aoke.apartmentsystem.system.controller.MenuController.addMenu()',' menu: \"Menu(menuId=220, parentId=200, menuName=编辑楼栋, url=null, perms=building:update, icon=null, type=1, orderNum=null, createTime=Sat Sep 07 14:26:06 CST 2019, modifyTime=null)\"','127.0.0.1','2019-09-07 14:26:06','内网IP|0|0|内网IP|内网IP'),(1089,'xxl1015','修改角色','38','com.aoke.apartmentsystem.system.controller.RoleController.updateRole()',' role: \"Role(roleId=1, roleName=系统管理员, remark=系统管理员，拥有所有操作权限 ^_^, createTime=null, modifyTime=Sat Sep 07 14:26:19 CST 2019, menuIds=1,3,11,12,13,160,161,4,14,15,16,162,5,17,18,19,163,6,20,21,22,164,176,198,210,212,213,177,199,203,214,215,216,200,218,219,220,201,178,207,208,209,217,179,204,205,206,180,181,182,183,184,185,188,189,191,2,8,23,10,24,170,136,171,172,113,114,127,128,129,130,131,101,102,103,104,105,106,107,108,173,109,110,174,137,138,165,139,166,115,132,133,135,134,126,159,116,117,119,120,121,122,123,118,125,167,168,169)\"','127.0.0.1','2019-09-07 14:26:19','内网IP|0|0|内网IP|内网IP'),(1090,'xxl1015','新增菜单/按钮','19','com.aoke.apartmentsystem.system.controller.MenuController.addMenu()',' menu: \"Menu(menuId=221, parentId=201, menuName=新增房间, url=null, perms=room:add, icon=null, type=1, orderNum=null, createTime=Sat Sep 07 15:33:30 CST 2019, modifyTime=null)\"','127.0.0.1','2019-09-07 15:33:30','内网IP|0|0|内网IP|内网IP'),(1091,'xxl1015','新增菜单/按钮','6','com.aoke.apartmentsystem.system.controller.MenuController.addMenu()',' menu: \"Menu(menuId=222, parentId=201, menuName=编辑房间, url=null, perms=room:update, icon=null, type=1, orderNum=null, createTime=Sat Sep 07 15:43:33 CST 2019, modifyTime=null)\"','127.0.0.1','2019-09-07 15:43:33','内网IP|0|0|内网IP|内网IP'),(1092,'xxl1015','修改角色','56','com.aoke.apartmentsystem.system.controller.RoleController.updateRole()',' role: \"Role(roleId=1, roleName=系统管理员, remark=系统管理员，拥有所有操作权限 ^_^, createTime=null, modifyTime=Sat Sep 07 16:19:15 CST 2019, menuIds=1,3,11,12,13,160,161,4,14,15,16,162,5,17,18,19,163,6,20,21,22,164,176,198,210,212,213,177,199,203,214,215,216,200,218,219,220,201,221,222,178,207,208,209,217,179,204,205,206,180,181,182,183,184,185,188,189,191,2,8,23,10,24,170,136,171,172,113,114,127,128,129,130,131,101,102,103,104,105,106,107,108,173,109,110,174,137,138,165,139,166,115,132,133,135,134,126,159,116,117,119,120,121,122,123,118,125,167,168,169)\"','127.0.0.1','2019-09-07 16:19:15','内网IP|0|0|内网IP|内网IP'),(1093,'xxl1015','新增小区','78','com.aoke.apartmentsystem.system.controller.VillageController.addVillage()',' village: \"Village{villageId=7, villageName=\'rr\', villageAddress=\'rrrrrrrr\', villageType=0, buildingNum=20, roomNum=100, charge=\'rr\', chargePhone=\'153355558\', jw=\'null\', chargePic=\'\', villagePic=\'\', villageOrther=\'null\', villageMsg=\'rrrr\', createBy=\'null\', createTime=Sat Sep 07 17:22:18 CST 2019, updateBy=\'null\', updateTime=null, delFlag=0}\"','127.0.0.1','2019-09-07 17:22:18','内网IP|0|0|内网IP|内网IP'),(1094,'xxl1015','新增楼栋','17597','com.aoke.apartmentsystem.system.controller.BuildingController.addBuilding()',' building: \"Building{buildingId=null, villageId=1, buildingName=\'rertt\', buildingType=0, buildingNum=11, remark=\'jk;.io;.\', createBy=\'null\', createTime=null, updateBy=\'null\', updateTime=null, delFlag=0}\"','127.0.0.1','2019-09-09 14:53:39','内网IP|0|0|内网IP|内网IP'),(1095,'xxl1015','新增楼栋','38','com.aoke.apartmentsystem.system.controller.BuildingController.addBuilding()',' building: \"Building{buildingId=2, villageId=1, buildingName=\'building01\', buildingType=0, buildingNum=20, remark=\'building01\', createBy=\'null\', createTime=null, updateBy=\'null\', updateTime=null, delFlag=0}\"','127.0.0.1','2019-09-09 15:01:40','内网IP|0|0|内网IP|内网IP'),(1096,'xxl1015','删除楼栋','8','com.aoke.apartmentsystem.system.controller.BuildingController.deleteBuildings()',' buildingIds: \"1\"','127.0.0.1','2019-09-09 15:05:18','内网IP|0|0|内网IP|内网IP'),(1097,'xxl1015','新增楼栋','5','com.aoke.apartmentsystem.system.controller.BuildingController.addBuilding()',' building: \"Building{buildingId=3, villageId=1, buildingName=\'building02\', buildingType=0, buildingNum=30, remark=\'building02\', createBy=\'null\', createTime=null, updateBy=\'null\', updateTime=null, delFlag=0}\"','127.0.0.1','2019-09-09 15:05:55','内网IP|0|0|内网IP|内网IP'),(1098,'xxl1015','删除楼栋','5','com.aoke.apartmentsystem.system.controller.BuildingController.deleteBuildings()',' buildingIds: \"2\"','127.0.0.1','2019-09-09 15:06:02','内网IP|0|0|内网IP|内网IP'),(1099,'xxl1015','新增楼栋','29','com.aoke.apartmentsystem.system.controller.BuildingController.addBuilding()',' building: \"Building{buildingId=4, villageId=5, buildingName=\'duilding06\', buildingType=0, buildingNum=6, remark=\'duilding06\', createBy=\'null\', createTime=null, updateBy=\'null\', updateTime=null, delFlag=0}\"','127.0.0.1','2019-09-09 15:20:40','内网IP|0|0|内网IP|内网IP'),(1100,'xxl1015','新增楼栋','9','com.aoke.apartmentsystem.system.controller.BuildingController.addBuilding()',' building: \"Building{buildingId=5, villageId=1, buildingName=\'duilding09\', buildingType=0, buildingNum=12, remark=\'duilding09\', createBy=\'xxl1015\', createTime=Mon Sep 09 15:25:20 CST 2019, updateBy=\'null\', updateTime=null, delFlag=0}\"','127.0.0.1','2019-09-09 15:25:20','内网IP|0|0|内网IP|内网IP');

/*Table structure for table `t_login_log` */

DROP TABLE IF EXISTS `t_login_log`;

CREATE TABLE `t_login_log` (
  `ID` bigint(11) NOT NULL AUTO_INCREMENT COMMENT 'id',
  `USERNAME` varchar(50) NOT NULL COMMENT '用户名',
  `LOGIN_TIME` datetime NOT NULL COMMENT '登录时间',
  `LOCATION` varchar(50) DEFAULT NULL COMMENT '登录地点',
  `IP` varchar(50) DEFAULT NULL COMMENT 'IP地址',
  `SYSTEM` varchar(50) DEFAULT NULL COMMENT '操作系统',
  `BROWSER` varchar(50) DEFAULT NULL COMMENT '浏览器',
  PRIMARY KEY (`ID`) USING BTREE
) ENGINE=InnoDB AUTO_INCREMENT=98 DEFAULT CHARSET=utf8 ROW_FORMAT=DYNAMIC COMMENT='登录日志表';

/*Data for the table `t_login_log` */

insert  into `t_login_log`(`ID`,`USERNAME`,`LOGIN_TIME`,`LOCATION`,`IP`,`SYSTEM`,`BROWSER`) values (3,'mrbird','2019-06-11 06:50:22','内网IP|0|0|内网IP|内网IP','192.168.33.1','Windows 10','Chrome 74'),(4,'mrbird','2019-06-11 06:54:15','内网IP|0|0|内网IP|内网IP','192.168.33.1','Windows 10','Chrome 74'),(5,'mrbird','2019-06-11 07:15:41','内网IP|0|0|内网IP|内网IP','192.168.33.1','Windows 10','Chrome 74'),(6,'mrbird','2019-06-12 00:46:00','内网IP|0|0|内网IP|内网IP','192.168.33.1','Windows 10','Chrome 74'),(7,'mrbird','2019-06-12 03:47:35','内网IP|0|0|内网IP|内网IP','192.168.33.1','Windows 10','IE 11'),(8,'mrbird','2019-06-12 06:03:49','内网IP|0|0|内网IP|内网IP','127.0.0.1','Windows 10','Chrome 74'),(9,'mrbird','2019-06-12 07:29:52','内网IP|0|0|内网IP|内网IP','127.0.0.1','Windows 10','IE 11'),(10,'mrbird','2019-06-12 09:16:05','内网IP|0|0|内网IP|内网IP','127.0.0.1','Windows 10','Chrome 74'),(11,'mrbird','2019-06-12 12:35:17','内网IP|0|0|内网IP|内网IP','172.18.96.1','Windows 10','Chrome 74'),(12,'mrbird','2019-06-12 12:38:21','内网IP|0|0|内网IP|内网IP','172.18.96.1','Windows 10','Chrome 74'),(13,'mrbird','2019-06-12 12:40:04','内网IP|0|0|内网IP|内网IP','172.18.96.1','Windows 10','Chrome 74'),(14,'mrbird','2019-06-12 15:34:34','内网IP|0|0|内网IP|内网IP','172.18.96.1','Windows 10','Chrome 74'),(15,'mrbird','2019-06-13 01:03:01','内网IP|0|0|内网IP|内网IP','127.0.0.1','Windows 10','Chrome 74'),(16,'mrbird','2019-06-13 05:45:25','内网IP|0|0|内网IP|内网IP','127.0.0.1','Windows 10','Chrome 74'),(17,'mrbird','2019-06-13 08:00:07','内网IP|0|0|内网IP|内网IP','127.0.0.1','Windows 10','Chrome 74'),(18,'mrbird','2019-06-13 08:07:23','内网IP|0|0|内网IP|内网IP','127.0.0.1','Windows 10','Chrome 74'),(19,'mrbird','2019-06-13 08:12:43','内网IP|0|0|内网IP|内网IP','127.0.0.1','Windows 10','Chrome 74'),(20,'mrbird','2019-06-13 08:15:32','内网IP|0|0|内网IP|内网IP','127.0.0.1','Windows 10','Chrome 74'),(21,'nikki','2019-06-13 08:30:36','内网IP|0|0|内网IP|内网IP','127.0.0.1','Windows 10','Chrome 74'),(22,'mrbird','2019-06-13 08:31:12','内网IP|0|0|内网IP|内网IP','127.0.0.1','Windows 10','Chrome 74'),(23,'nikki','2019-06-13 08:31:53','内网IP|0|0|内网IP|内网IP','127.0.0.1','Windows 10','Chrome 74'),(24,'mrbird','2019-06-13 08:32:21','内网IP|0|0|内网IP|内网IP','127.0.0.1','Windows 10','Chrome 74'),(25,'mrbird','2019-06-13 09:01:03','内网IP|0|0|内网IP|内网IP','127.0.0.1','Windows 10','Chrome 74'),(26,'mrbird','2019-06-13 09:19:38','内网IP|0|0|内网IP|内网IP','127.0.0.1','Windows 10','Chrome 74'),(27,'mrbird','2019-06-13 09:22:34','内网IP|0|0|内网IP|内网IP','127.0.0.1','Windows 10','Chrome 74'),(28,'mrbird','2019-06-13 10:52:53','内网IP|0|0|内网IP|内网IP','127.0.0.1','Windows 10','Chrome 74'),(29,'mrbird','2019-06-13 11:14:19','内网IP|0|0|内网IP|内网IP','127.0.0.1','Windows 10','Chrome 74'),(30,'mrbird','2019-06-13 13:08:44','内网IP|0|0|内网IP|内网IP','172.18.96.1','Windows 10','Chrome 74'),(31,'mrbird','2019-06-13 13:11:23','内网IP|0|0|内网IP|内网IP','172.18.96.1','Windows 10','Chrome 74'),(32,'mrbird','2019-06-13 13:18:40','内网IP|0|0|内网IP|内网IP','172.18.96.1','Windows 10','Chrome 74'),(33,'mrbird','2019-06-13 13:21:11','内网IP|0|0|内网IP|内网IP','172.18.96.1','Windows 10','Chrome 74'),(34,'mrbird','2019-06-13 13:24:34','内网IP|0|0|内网IP|内网IP','172.18.96.1','Windows 10','Chrome 74'),(35,'scott','2019-06-13 14:18:20','内网IP|0|0|内网IP|内网IP','127.0.0.1','Windows 10','IE 11'),(36,'scott','2019-06-13 14:19:16','内网IP|0|0|内网IP|内网IP','127.0.0.1','Windows 10','Firefox 62'),(37,'scott','2019-06-13 14:20:47','内网IP|0|0|内网IP|内网IP','127.0.0.1','Windows 10','IE 11'),(38,'scott','2019-06-13 14:24:34','内网IP|0|0|内网IP|内网IP','127.0.0.1','Windows 10','IE 11'),(39,'scott','2019-06-13 14:25:14','内网IP|0|0|内网IP|内网IP','127.0.0.1','Windows 10','IE 11'),(40,'scott','2019-06-13 14:26:21','内网IP|0|0|内网IP|内网IP','127.0.0.1','Windows 10','IE 11'),(41,'scott','2019-06-13 14:40:18','内网IP|0|0|内网IP|内网IP','127.0.0.1','Windows 10','IE 11'),(42,'scott','2019-06-13 14:42:33','内网IP|0|0|内网IP|内网IP','127.0.0.1','Windows 10','IE 11'),(43,'mrbird','2019-06-14 05:54:19','内网IP|0|0|内网IP|内网IP','192.168.33.1','Windows 10','Chrome 74'),(44,'scott','2019-06-14 06:11:16','内网IP|0|0|内网IP|内网IP','192.168.33.1','Windows 10','MSIE 7'),(45,'nikki','2019-06-14 07:03:48','内网IP|0|0|内网IP|内网IP','192.168.33.1','Windows 10','MSIE 7'),(46,'nikki','2019-06-14 07:04:41','内网IP|0|0|内网IP|内网IP','192.168.33.1','Windows 10','MSIE 7'),(47,'nikki','2019-06-14 07:06:15','内网IP|0|0|内网IP|内网IP','192.168.33.1','Windows 10','MSIE 7'),(48,'scott','2019-06-14 07:09:41','内网IP|0|0|内网IP|内网IP','192.168.33.1','Windows 10','MSIE 7'),(49,'scott','2019-06-14 07:16:35','内网IP|0|0|内网IP|内网IP','192.168.33.1','Windows 10','Chrome 74'),(50,'scott','2019-06-14 07:21:10','内网IP|0|0|内网IP|内网IP','192.168.33.1','Windows 10','MSIE 7'),(51,'mrbird','2019-06-14 07:36:58','内网IP|0|0|内网IP|内网IP','192.168.33.1','Windows 10','Chrome 74'),(52,'mrbird','2019-06-14 16:25:34','内网IP|0|0|内网IP|内网IP','192.168.33.1','Windows 10','Chrome 74'),(53,'mrbird','2019-06-14 16:28:10','内网IP|0|0|内网IP|内网IP','192.168.33.1','Windows 10','Chrome 74'),(54,'mrbird','2019-06-14 19:29:19','内网IP|0|0|内网IP|内网IP','172.18.96.1','Windows 10','Chrome 74'),(55,'mrbird','2019-06-14 19:34:20','内网IP|0|0|内网IP|内网IP','172.18.96.1','Windows 10','Chrome 70'),(56,'mrbird','2019-06-14 20:43:01','内网IP|0|0|内网IP|内网IP','172.18.96.1','Windows 10','Chrome 74'),(57,'mrbird','2019-06-14 20:54:13','内网IP|0|0|内网IP|内网IP','172.18.96.1','Windows 10','Chrome 74'),(58,'scott','2019-06-14 21:03:37','内网IP|0|0|内网IP|内网IP','127.0.0.1','Windows 10','Chrome 70'),(59,'reina','2019-06-14 21:08:26','内网IP|0|0|内网IP|内网IP','127.0.0.1','Windows 10','Chrome 70'),(60,'Micaela','2019-06-14 21:10:37','内网IP|0|0|内网IP|内网IP','127.0.0.1','Windows 10','Chrome 70'),(61,'Jana','2019-06-14 21:12:31','内网IP|0|0|内网IP|内网IP','127.0.0.1','Windows 10','Chrome 70'),(62,'Georgie','2019-06-14 21:16:11','内网IP|0|0|内网IP|内网IP','127.0.0.1','Windows 10','Chrome 70'),(63,'Margot','2019-06-14 21:18:06','内网IP|0|0|内网IP|内网IP','127.0.0.1','Windows 10','Chrome 70'),(64,'xxl1015','2019-08-05 10:31:14','内网IP|0|0|内网IP|内网IP','127.0.0.1','Windows 10','Firefox 53'),(65,'xxl1015','2019-08-05 17:50:08','内网IP|0|0|内网IP|内网IP','127.0.0.1','Windows 10','Firefox 53'),(66,'xxl1015','2019-08-06 09:04:46','内网IP|0|0|内网IP|内网IP','127.0.0.1','Windows 10','Firefox 53'),(67,'xxl1015','2019-08-06 10:32:55','内网IP|0|0|内网IP|内网IP','127.0.0.1','Windows 10','Firefox 53'),(68,'xxl1015','2019-08-12 16:58:07','内网IP|0|0|内网IP|内网IP','127.0.0.1','Windows 10','Firefox 53'),(69,'xxl1015','2019-08-17 09:11:46','内网IP|0|0|内网IP|内网IP','127.0.0.1','Windows 10','Firefox 53'),(70,'xxl1015','2019-08-19 14:38:55','内网IP|0|0|内网IP|内网IP','127.0.0.1','Windows 10','Firefox 53'),(71,'xxl1015','2019-08-19 16:16:10','内网IP|0|0|内网IP|内网IP','127.0.0.1','Windows 10','Firefox 53'),(72,'xxl1015','2019-08-20 10:25:09','内网IP|0|0|内网IP|内网IP','127.0.0.1','Windows 10','Firefox 53'),(73,'xxl1015','2019-08-20 12:01:17','内网IP|0|0|内网IP|内网IP','127.0.0.1','Windows 10','Firefox 53'),(74,'xxl1015','2019-08-22 15:50:01','内网IP|0|0|内网IP|内网IP','127.0.0.1','Windows 10','Firefox 53'),(75,'xxl1015','2019-08-22 17:09:20','内网IP|0|0|内网IP|内网IP','127.0.0.1','Windows 10','Firefox 53'),(76,'xxl1015','2019-08-23 16:58:35','内网IP|0|0|内网IP|内网IP','127.0.0.1','Windows 10','Firefox 53'),(77,'xxl1015','2019-08-23 17:27:38','内网IP|0|0|内网IP|内网IP','127.0.0.1','Windows 10','Firefox 53'),(78,'xxl1015','2019-08-26 17:58:33','内网IP|0|0|内网IP|内网IP','127.0.0.1','Windows 10','Firefox 53'),(79,'xxl1015','2019-08-28 16:25:47','内网IP|0|0|内网IP|内网IP','127.0.0.1','Windows 10','Firefox 53'),(80,'xxl1015','2019-08-29 11:55:18','内网IP|0|0|内网IP|内网IP','127.0.0.1','Windows 10','Firefox 53'),(81,'xxl1015','2019-08-30 11:33:10','内网IP|0|0|内网IP|内网IP','127.0.0.1','Windows 10','Firefox 53'),(82,'xxl1015','2019-08-30 11:34:05','内网IP|0|0|内网IP|内网IP','127.0.0.1','Windows 10','Firefox 53'),(83,'xxl1015','2019-09-02 09:50:51','内网IP|0|0|内网IP|内网IP','127.0.0.1','Windows 10','Firefox 53'),(84,'xxl1015','2019-09-02 18:14:22','内网IP|0|0|内网IP|内网IP','127.0.0.1','Windows 10','Firefox 53'),(85,'xxl1015','2019-09-03 09:09:30','内网IP|0|0|内网IP|内网IP','127.0.0.1','Windows 10','Firefox 53'),(86,'xxl1015','2019-09-03 13:38:33','内网IP|0|0|内网IP|内网IP','127.0.0.1','Windows 10','Firefox 53'),(87,'xxl1015','2019-09-03 13:57:00','内网IP|0|0|内网IP|内网IP','127.0.0.1','Windows 10','Firefox 53'),(88,'xxl1015','2019-09-03 14:13:39','内网IP|0|0|内网IP|内网IP','127.0.0.1','Windows 10','Firefox 53'),(89,'xxl1015','2019-09-03 16:20:51','内网IP|0|0|内网IP|内网IP','127.0.0.1','Windows 10','Chrome 65'),(90,'xxl1015','2019-09-03 17:20:15','内网IP|0|0|内网IP|内网IP','127.0.0.1','Windows 10','Firefox 53'),(91,'xxl1015','2019-09-06 17:00:05','内网IP|0|0|内网IP|内网IP','127.0.0.1','Windows 10','Firefox 53'),(92,'xxl1015','2019-09-07 13:59:01','内网IP|0|0|内网IP|内网IP','127.0.0.1','Windows 10','Firefox 53'),(93,'xxl1015','2019-09-09 09:46:11','内网IP|0|0|内网IP|内网IP','127.0.0.1','Windows 10','Firefox 53'),(94,'xxl1015','2019-09-09 11:22:46','内网IP|0|0|内网IP|内网IP','127.0.0.1','Windows 10','Firefox 53'),(95,'xxl1015','2019-09-09 14:45:35','内网IP|0|0|内网IP|内网IP','127.0.0.1','Windows 10','Firefox 53'),(96,'xxl1015','2019-09-09 15:24:52','内网IP|0|0|内网IP|内网IP','127.0.0.1','Windows 10','Firefox 53'),(97,'xxl1015','2019-09-09 16:30:06','内网IP|0|0|内网IP|内网IP','127.0.0.1','Windows 10','Firefox 53');

/*Table structure for table `t_menu` */

DROP TABLE IF EXISTS `t_menu`;

CREATE TABLE `t_menu` (
  `MENU_ID` bigint(20) NOT NULL AUTO_INCREMENT COMMENT '菜单/按钮ID',
  `PARENT_ID` bigint(20) NOT NULL COMMENT '上级菜单ID',
  `MENU_NAME` varchar(50) NOT NULL COMMENT '菜单/按钮名称',
  `URL` varchar(50) DEFAULT NULL COMMENT '菜单URL',
  `PERMS` text COMMENT '权限标识',
  `ICON` varchar(50) DEFAULT NULL COMMENT '图标',
  `TYPE` char(2) NOT NULL COMMENT '类型 0菜单 1按钮',
  `ORDER_NUM` bigint(20) DEFAULT NULL COMMENT '排序',
  `CREATE_TIME` datetime NOT NULL COMMENT '创建时间',
  `MODIFY_TIME` datetime DEFAULT NULL COMMENT '修改时间',
  PRIMARY KEY (`MENU_ID`) USING BTREE
) ENGINE=InnoDB AUTO_INCREMENT=223 DEFAULT CHARSET=utf8 ROW_FORMAT=DYNAMIC COMMENT='菜单表';

/*Data for the table `t_menu` */

insert  into `t_menu`(`MENU_ID`,`PARENT_ID`,`MENU_NAME`,`URL`,`PERMS`,`ICON`,`TYPE`,`ORDER_NUM`,`CREATE_TIME`,`MODIFY_TIME`) values (1,0,'系统管理',NULL,NULL,'layui-icon-setting','0',1,'2017-12-27 16:39:07',NULL),(2,0,'系统监控','','','layui-icon-alert','0',21,'2017-12-27 16:45:51','2019-08-19 16:29:33'),(3,1,'用户管理','/system/user','user:view','layui-icon-meh','0',1,'2017-12-27 16:47:13','2019-06-13 11:13:55'),(4,1,'角色管理','/system/role','role:view','','0',2,'2017-12-27 16:48:09','2019-06-13 08:57:19'),(5,1,'菜单管理','/system/menu','menu:view','','0',3,'2017-12-27 16:48:57','2019-06-13 08:57:34'),(6,1,'部门管理','/system/dept','dept:view','','0',4,'2017-12-27 16:57:33','2019-06-14 19:56:00'),(8,2,'在线用户','/monitor/online','online:view','','0',1,'2017-12-27 16:59:33','2019-06-13 14:30:31'),(10,2,'系统日志','/monitor/log','log:view','','0',2,'2017-12-27 17:00:50','2019-06-13 14:30:37'),(11,3,'新增用户',NULL,'user:add',NULL,'1',NULL,'2017-12-27 17:02:58',NULL),(12,3,'修改用户',NULL,'user:update',NULL,'1',NULL,'2017-12-27 17:04:07',NULL),(13,3,'删除用户',NULL,'user:delete',NULL,'1',NULL,'2017-12-27 17:04:58',NULL),(14,4,'新增角色',NULL,'role:add',NULL,'1',NULL,'2017-12-27 17:06:38',NULL),(15,4,'修改角色',NULL,'role:update',NULL,'1',NULL,'2017-12-27 17:06:38',NULL),(16,4,'删除角色',NULL,'role:delete',NULL,'1',NULL,'2017-12-27 17:06:38',NULL),(17,5,'新增菜单',NULL,'menu:add',NULL,'1',NULL,'2017-12-27 17:08:02',NULL),(18,5,'修改菜单',NULL,'menu:update',NULL,'1',NULL,'2017-12-27 17:08:02',NULL),(19,5,'删除菜单',NULL,'menu:delete',NULL,'1',NULL,'2017-12-27 17:08:02',NULL),(20,6,'新增部门',NULL,'dept:add',NULL,'1',NULL,'2017-12-27 17:09:24',NULL),(21,6,'修改部门',NULL,'dept:update',NULL,'1',NULL,'2017-12-27 17:09:24',NULL),(22,6,'删除部门',NULL,'dept:delete',NULL,'1',NULL,'2017-12-27 17:09:24',NULL),(23,8,'踢出用户',NULL,'user:kickout',NULL,'1',NULL,'2017-12-27 17:11:13',NULL),(24,10,'删除日志',NULL,'log:delete',NULL,'1',NULL,'2017-12-27 17:11:45','2019-06-06 05:56:40'),(101,0,'任务调度','','','layui-icon-time-circle','0',22,'2018-02-24 15:52:57','2019-08-19 16:29:38'),(102,101,'定时任务','/job/job','job:view','','0',1,'2018-02-24 15:53:53','2018-04-25 09:05:12'),(103,102,'新增任务',NULL,'job:add',NULL,'1',NULL,'2018-02-24 15:55:10',NULL),(104,102,'修改任务',NULL,'job:update',NULL,'1',NULL,'2018-02-24 15:55:53',NULL),(105,102,'删除任务',NULL,'job:delete',NULL,'1',NULL,'2018-02-24 15:56:18',NULL),(106,102,'暂停任务',NULL,'job:pause',NULL,'1',NULL,'2018-02-24 15:57:08',NULL),(107,102,'恢复任务',NULL,'job:resume',NULL,'1',NULL,'2018-02-24 15:58:21',NULL),(108,102,'立即执行任务',NULL,'job:run',NULL,'1',NULL,'2018-02-24 15:59:45',NULL),(109,101,'调度日志','/job/log','job:log:view','','0',2,'2018-02-24 16:00:45','2019-06-09 02:48:19'),(110,109,'删除日志',NULL,'job:log:delete',NULL,'1',NULL,'2018-02-24 16:01:21',NULL),(113,2,'Redis监控','/monitor/redis/info','redis:view','','0',4,'2018-06-28 14:29:42','2019-06-13 14:30:45'),(114,2,'Redis终端','/monitor/redis/terminal','redis:terminal:view','','0',5,'2018-06-28 15:35:21','2019-06-13 14:30:54'),(115,0,'其他模块','','','layui-icon-appstore','0',24,'2019-05-27 10:18:07','2019-08-19 16:29:49'),(116,115,'Apex图表','','',NULL,'0',2,'2019-05-27 10:21:35',NULL),(117,116,'线性图表','/others/apex/line','apex:line:view',NULL,'0',1,'2019-05-27 10:24:49',NULL),(118,115,'高德地图','/others/map','map:view','','0',3,'2019-05-27 17:13:12','2019-06-12 15:33:00'),(119,116,'面积图表','/others/apex/area','apex:area:view',NULL,'0',2,'2019-05-27 18:49:22',NULL),(120,116,'柱形图表','/others/apex/column','apex:column:view',NULL,'0',3,'2019-05-27 18:51:33',NULL),(121,116,'雷达图表','/others/apex/radar','apex:radar:view',NULL,'0',4,'2019-05-27 18:56:05',NULL),(122,116,'条形图表','/others/apex/bar','apex:bar:view',NULL,'0',5,'2019-05-27 18:57:02',NULL),(123,116,'混合图表','/others/apex/mix','apex:mix:view','','0',6,'2019-05-27 18:58:04','2019-06-06 02:55:23'),(125,115,'导入导出','/others/eximport','others:eximport:view','','0',4,'2019-05-27 19:01:57','2019-06-13 01:20:14'),(126,132,'系统图标','/others/febs/icon','febs:icons:view','','0',4,'2019-05-27 19:03:18','2019-06-06 03:05:26'),(127,2,'请求追踪','/monitor/httptrace','httptrace:view','','0',6,'2019-05-27 19:06:38','2019-06-13 14:36:43'),(128,2,'系统信息',NULL,NULL,NULL,'0',7,'2019-05-27 19:08:23',NULL),(129,128,'JVM信息','/monitor/jvm','jvm:view','','0',1,'2019-05-27 19:08:50','2019-06-13 14:36:51'),(130,128,'Tomcat信息','/monitor/tomcat','tomcat:view','','0',2,'2019-05-27 19:09:26','2019-06-13 14:36:57'),(131,128,'服务器信息','/monitor/server','server:view','','0',3,'2019-05-27 19:10:07','2019-06-13 14:37:04'),(132,115,'FEBS组件','','',NULL,'0',1,'2019-05-27 19:13:54',NULL),(133,132,'表单组件','/others/febs/form','febs:form:view',NULL,'0',1,'2019-05-27 19:14:45',NULL),(134,132,'FEBS工具','/others/febs/tools','febs:tools:view','','0',3,'2019-05-29 10:11:22','2019-06-12 13:21:27'),(135,132,'表单组合','/others/febs/form/group','febs:formgroup:view',NULL,'0',2,'2019-05-29 10:16:19',NULL),(136,2,'登录日志','/monitor/loginlog','loginlog:view','','0',3,'2019-05-29 15:56:15','2019-06-13 14:35:56'),(137,0,'代码生成','','','layui-icon-verticalright','0',23,'2019-06-03 15:35:58','2019-08-19 16:29:43'),(138,137,'生成配置','/generator/configure','generator:configure:view',NULL,'0',1,'2019-06-03 15:38:36',NULL),(139,137,'代码生成','/generator/generator','generator:view','','0',2,'2019-06-03 15:39:15','2019-06-13 14:31:38'),(159,132,'其他组件','/others/febs/others','others:febs:others','','0',5,'2019-06-12 07:51:08','2019-06-12 07:51:40'),(160,3,'密码重置',NULL,'user:password:reset',NULL,'1',NULL,'2019-06-13 08:40:13',NULL),(161,3,'导出Excel',NULL,'user:export',NULL,'1',NULL,'2019-06-13 08:40:34',NULL),(162,4,'导出Excel',NULL,'role:export',NULL,'1',NULL,'2019-06-13 14:29:00','2019-06-13 14:29:11'),(163,5,'导出Excel',NULL,'menu:export',NULL,'1',NULL,'2019-06-13 14:29:32',NULL),(164,6,'导出Excel',NULL,'dept:export',NULL,'1',NULL,'2019-06-13 14:29:59',NULL),(165,138,'修改配置',NULL,'generator:configure:update',NULL,'1',NULL,'2019-06-13 14:32:09','2019-06-13 14:32:20'),(166,139,'生成代码',NULL,'generator:generate',NULL,'1',NULL,'2019-06-13 14:32:51',NULL),(167,125,'模板下载',NULL,'eximport:template',NULL,'1',NULL,'2019-06-13 14:33:37',NULL),(168,125,'导出Excel',NULL,'eximport:export',NULL,'1',NULL,'2019-06-13 14:33:57',NULL),(169,125,'导入Excel',NULL,'eximport:import',NULL,'1',NULL,'2019-06-13 14:34:19',NULL),(170,10,'导出Excel',NULL,'log:export',NULL,'1',NULL,'2019-06-13 14:34:55',NULL),(171,136,'删除日志',NULL,'loginlog:delete',NULL,'1',NULL,'2019-06-13 14:35:27','2019-06-13 14:36:08'),(172,136,'导出Excel',NULL,'loginlog:export',NULL,'1',NULL,'2019-06-13 14:36:26',NULL),(173,102,'导出Excel',NULL,'job:export',NULL,'1',NULL,'2019-06-13 14:37:25',NULL),(174,109,'导出Excel',NULL,'job:log:export',NULL,'1',NULL,'2019-06-13 14:37:46','2019-06-13 14:38:02'),(176,0,'租户管理','','','layui-icon-addteam','0',5,'2019-08-19 15:48:17','2019-08-19 15:48:28'),(177,0,'房产管理','','','layui-icon-attachment','0',6,'2019-08-19 15:49:53',NULL),(178,0,'设备管理','','','layui-icon-wrench','0',7,'2019-08-19 15:51:09',NULL),(179,0,'合同管理','','','layui-icon-filedone','0',8,'2019-08-19 15:52:00',NULL),(180,0,'工单管理','','','layui-icon-fileprotect','0',9,'2019-08-19 15:52:42',NULL),(181,0,'信息管理','','','layui-icon-message','0',10,'2019-08-19 15:53:42',NULL),(182,0,'账单管理','','','layui-icon-calculator','0',11,'2019-08-19 15:54:35',NULL),(183,0,'广告管理','','','layui-icon-rocket','0',12,'2019-08-19 15:56:28',NULL),(184,0,'公告管理','','','layui-icon-question-circle','0',13,'2019-08-19 15:56:59',NULL),(185,0,'代理管理','','','layui-icon-shake','0',14,'2019-08-19 15:58:38','2019-08-19 16:00:34'),(188,0,'数据统计','','','layui-icon-barchart','0',17,'2019-08-19 16:01:03',NULL),(189,0,'日志管理','','','layui-icon-tag','0',18,'2019-08-19 16:02:22',NULL),(191,0,'系统设置','','','layui-icon-layout','0',20,'2019-08-19 16:03:25',NULL),(198,176,'租户管理','/system/tenant','tenant:view','layui-icon-meh','0',1,'2019-08-19 16:31:39','2019-08-19 16:31:56'),(199,177,'小区管理','/system/village','village:view','','0',1,'2019-08-19 16:33:19',NULL),(200,177,'楼栋管理','/system/building','building:view','','0',2,'2019-08-19 16:34:11',NULL),(201,177,'房间管理','/system/room','room:view','','0',3,'2019-08-19 16:34:50',NULL),(203,199,'创建小区',NULL,'village:add',NULL,'1',NULL,'2019-08-19 16:37:18','2019-09-02 16:25:53'),(204,179,'合同管理','/system/contract','contract:view','','0',1,'2019-08-19 16:41:23',NULL),(205,179,'模板管理','/system/template','template:view','','0',2,'2019-08-19 16:42:10',NULL),(206,179,'层级关系','/system/hierarchy','hierarchy:view','','0',3,'2019-08-19 16:43:11',NULL),(207,178,'设备管理','/system/device','device:view','','0',1,'2019-08-19 16:44:22','2019-09-03 11:50:27'),(208,207,'编辑设备',NULL,'device:update',NULL,'1',NULL,'2019-08-19 16:45:53','2019-09-03 11:53:05'),(209,207,'删除设备',NULL,'device:delete',NULL,'1',NULL,'2019-08-19 16:46:28','2019-09-03 11:52:37'),(210,198,'新增租户',NULL,'tenant:add',NULL,'1',NULL,'2019-08-19 18:05:31',NULL),(212,198,'修改租户',NULL,'tenant:update',NULL,'1',NULL,'2019-08-22 16:43:48',NULL),(213,198,'删除租户',NULL,'tenant:delete',NULL,'1',NULL,'2019-08-22 16:44:16',NULL),(214,199,'修改小区',NULL,'village:update',NULL,'1',NULL,'2019-09-02 16:21:51',NULL),(215,199,'删除小区',NULL,'village:delete',NULL,'1',NULL,'2019-09-02 16:22:31',NULL),(216,199,'导出Excel',NULL,'village:export',NULL,'1',NULL,'2019-09-02 16:26:25',NULL),(217,207,'创建设备',NULL,'device:add',NULL,'1',NULL,'2019-09-03 11:51:19',NULL),(218,200,'新增楼栋',NULL,'building:add',NULL,'1',NULL,'2019-09-07 14:24:08',NULL),(219,200,'删除楼栋',NULL,'building:delete',NULL,'1',NULL,'2019-09-07 14:24:58',NULL),(220,200,'编辑楼栋',NULL,'building:update',NULL,'1',NULL,'2019-09-07 14:26:06',NULL),(221,201,'新增房间',NULL,'room:add',NULL,'1',NULL,'2019-09-07 15:33:30',NULL),(222,201,'编辑房间',NULL,'room:update',NULL,'1',NULL,'2019-09-07 15:43:33',NULL);

/*Table structure for table `t_role` */

DROP TABLE IF EXISTS `t_role`;

CREATE TABLE `t_role` (
  `ROLE_ID` bigint(20) NOT NULL AUTO_INCREMENT COMMENT '角色ID',
  `ROLE_NAME` varchar(100) NOT NULL COMMENT '角色名称',
  `REMARK` varchar(100) DEFAULT NULL COMMENT '角色描述',
  `CREATE_TIME` datetime NOT NULL COMMENT '创建时间',
  `MODIFY_TIME` datetime DEFAULT NULL COMMENT '修改时间',
  PRIMARY KEY (`ROLE_ID`) USING BTREE
) ENGINE=InnoDB AUTO_INCREMENT=81 DEFAULT CHARSET=utf8 ROW_FORMAT=DYNAMIC COMMENT='角色表';

/*Data for the table `t_role` */

insert  into `t_role`(`ROLE_ID`,`ROLE_NAME`,`REMARK`,`CREATE_TIME`,`MODIFY_TIME`) values (1,'系统管理员','系统管理员，拥有所有操作权限 ^_^','2019-06-14 16:23:11','2019-09-07 16:19:15'),(2,'注册账户','注册账户，拥有查看，新增权限（新增用户除外）和导出Excel权限','2019-06-14 16:00:15','2019-06-14 20:47:47'),(77,'Redis监控员','负责Redis模块','2019-06-14 20:49:22',NULL),(78,'系统监控员','负责整个系统监控模块','2019-06-14 20:50:07',NULL),(79,'跑批人员','负责任务调度跑批模块','2019-06-14 20:51:02',NULL),(80,'开发人员','拥有代码生成模块的权限','2019-06-14 20:51:26',NULL);

/*Table structure for table `t_role_menu` */

DROP TABLE IF EXISTS `t_role_menu`;

CREATE TABLE `t_role_menu` (
  `ID` bigint(20) NOT NULL AUTO_INCREMENT,
  `ROLE_ID` bigint(20) NOT NULL COMMENT '角色ID',
  `MENU_ID` bigint(20) NOT NULL COMMENT '菜单/按钮ID',
  PRIMARY KEY (`ID`)
) ENGINE=InnoDB AUTO_INCREMENT=1269 DEFAULT CHARSET=utf8 ROW_FORMAT=DYNAMIC COMMENT='角色菜单关联表';

/*Data for the table `t_role_menu` */

insert  into `t_role_menu`(`ID`,`ROLE_ID`,`MENU_ID`) values (1,2,1),(2,2,3),(3,2,161),(4,2,4),(5,2,14),(6,2,162),(7,2,5),(8,2,17),(9,2,163),(10,2,6),(11,2,20),(12,2,164),(13,2,2),(14,2,8),(15,2,10),(16,2,170),(17,2,136),(18,2,172),(19,2,113),(20,2,114),(21,2,127),(22,2,128),(23,2,129),(24,2,130),(25,2,131),(26,2,101),(27,2,102),(28,2,173),(29,2,109),(30,2,174),(31,2,137),(32,2,138),(33,2,139),(34,2,115),(35,2,132),(36,2,133),(37,2,135),(38,2,134),(39,2,126),(40,2,159),(41,2,116),(42,2,117),(43,2,119),(44,2,120),(45,2,121),(46,2,122),(47,2,123),(48,2,118),(49,2,125),(50,2,167),(51,2,168),(52,2,169),(53,77,2),(54,77,113),(55,77,114),(56,78,2),(57,78,8),(58,78,23),(59,78,10),(60,78,24),(61,78,170),(62,78,136),(63,78,171),(64,78,172),(65,78,113),(66,78,114),(67,78,127),(68,78,128),(69,78,129),(70,78,130),(71,78,131),(72,79,101),(73,79,102),(74,79,103),(75,79,104),(76,79,105),(77,79,106),(78,79,107),(79,79,108),(80,79,173),(81,79,109),(82,79,110),(83,79,174),(84,80,137),(85,80,138),(86,80,165),(87,80,139),(88,80,166),(1159,1,1),(1160,1,3),(1161,1,11),(1162,1,12),(1163,1,13),(1164,1,160),(1165,1,161),(1166,1,4),(1167,1,14),(1168,1,15),(1169,1,16),(1170,1,162),(1171,1,5),(1172,1,17),(1173,1,18),(1174,1,19),(1175,1,163),(1176,1,6),(1177,1,20),(1178,1,21),(1179,1,22),(1180,1,164),(1181,1,176),(1182,1,198),(1183,1,210),(1184,1,212),(1185,1,213),(1186,1,177),(1187,1,199),(1188,1,203),(1189,1,214),(1190,1,215),(1191,1,216),(1192,1,200),(1193,1,218),(1194,1,219),(1195,1,220),(1196,1,201),(1197,1,221),(1198,1,222),(1199,1,178),(1200,1,207),(1201,1,208),(1202,1,209),(1203,1,217),(1204,1,179),(1205,1,204),(1206,1,205),(1207,1,206),(1208,1,180),(1209,1,181),(1210,1,182),(1211,1,183),(1212,1,184),(1213,1,185),(1214,1,188),(1215,1,189),(1216,1,191),(1217,1,2),(1218,1,8),(1219,1,23),(1220,1,10),(1221,1,24),(1222,1,170),(1223,1,136),(1224,1,171),(1225,1,172),(1226,1,113),(1227,1,114),(1228,1,127),(1229,1,128),(1230,1,129),(1231,1,130),(1232,1,131),(1233,1,101),(1234,1,102),(1235,1,103),(1236,1,104),(1237,1,105),(1238,1,106),(1239,1,107),(1240,1,108),(1241,1,173),(1242,1,109),(1243,1,110),(1244,1,174),(1245,1,137),(1246,1,138),(1247,1,165),(1248,1,139),(1249,1,166),(1250,1,115),(1251,1,132),(1252,1,133),(1253,1,135),(1254,1,134),(1255,1,126),(1256,1,159),(1257,1,116),(1258,1,117),(1259,1,119),(1260,1,120),(1261,1,121),(1262,1,122),(1263,1,123),(1264,1,118),(1265,1,125),(1266,1,167),(1267,1,168),(1268,1,169);

/*Table structure for table `t_room` */

DROP TABLE IF EXISTS `t_room`;

CREATE TABLE `t_room` (
  `room_id` bigint(20) NOT NULL AUTO_INCREMENT COMMENT '房间id',
  `building_id` bigint(20) DEFAULT NULL COMMENT '楼栋编号id(楼栋标识)',
  `room_name` varchar(20) DEFAULT NULL COMMENT '房间名称',
  `room_status` int(1) DEFAULT NULL COMMENT '房间状态(全部、1空置、0已租、2即将到期：10天内)',
  `room_type` int(1) DEFAULT NULL COMMENT '户型(1一室、2一室一厅、3两室一厅、4三室一厅、5四室一厅、6其它',
  `room_area` int(3) DEFAULT NULL COMMENT '房间面积',
  `room_price` decimal(10,0) DEFAULT NULL COMMENT '房间价格',
  `pay_way` int(1) DEFAULT NULL COMMENT '结算方式(押一付三、押一付一、自定义：文字输入)',
  `room_orther` varchar(50) DEFAULT NULL COMMENT '配套：动态添加如热水器、空调等',
  `room_pic` varchar(100) DEFAULT NULL COMMENT '房间图片',
  `map_pic` varchar(100) DEFAULT NULL COMMENT '周边地图截图',
  `contract_id` varchar(50) DEFAULT NULL COMMENT '合同Id',
  `room_msg` varchar(50) DEFAULT NULL COMMENT '房间简介',
  `remark` varchar(50) DEFAULT NULL COMMENT '备注',
  `create_by` varchar(15) DEFAULT NULL COMMENT '创建者',
  `create_time` datetime DEFAULT NULL COMMENT '创建时间',
  `update_by` varchar(15) DEFAULT NULL COMMENT '更新者',
  `update_time` datetime DEFAULT NULL COMMENT '更新时间',
  `del_flag` int(1) DEFAULT '0' COMMENT '删除标志（0代表存在 1代表删除）',
  PRIMARY KEY (`room_id`)
) ENGINE=InnoDB AUTO_INCREMENT=2 DEFAULT CHARSET=utf8;

/*Data for the table `t_room` */

insert  into `t_room`(`room_id`,`building_id`,`room_name`,`room_status`,`room_type`,`room_area`,`room_price`,`pay_way`,`room_orther`,`room_pic`,`map_pic`,`contract_id`,`room_msg`,`remark`,`create_by`,`create_time`,`update_by`,`update_time`,`del_flag`) values (1,3,'room101',0,1,20,'800',1,'学校、地铁',NULL,NULL,'101','很好good','哈哈','xxl1015','2019-09-09 16:03:17',NULL,NULL,0);

/*Table structure for table `t_tenant` */

DROP TABLE IF EXISTS `t_tenant`;

CREATE TABLE `t_tenant` (
  `tenant_id` bigint(20) NOT NULL AUTO_INCREMENT COMMENT '租户ID',
  `tenant_name` varchar(25) DEFAULT NULL COMMENT '租户姓名',
  `tenant_acount` varchar(25) DEFAULT NULL COMMENT '租户账号',
  `password` varchar(64) DEFAULT NULL COMMENT '密码',
  `credentials_type` int(1) DEFAULT NULL COMMENT '证件类型(0身份证、1港澳证、2居住证、3军官证、4护照、5其它)',
  `credentials_code` varchar(30) DEFAULT NULL COMMENT '证件号',
  `tenant_pic` varchar(100) DEFAULT NULL COMMENT '租户头像',
  `phone` varchar(11) DEFAULT NULL COMMENT '联系电话',
  `contract_id` bigint(20) DEFAULT NULL COMMENT '合同编号',
  `status` int(1) DEFAULT NULL COMMENT '状态(0正常、2延期缴费、3已退租)',
  `credit` varchar(10) DEFAULT NULL COMMENT '信用额度',
  `remark` varchar(200) DEFAULT NULL COMMENT '备注',
  `create_time` datetime DEFAULT NULL COMMENT '创建时间',
  PRIMARY KEY (`tenant_id`)
) ENGINE=InnoDB AUTO_INCREMENT=7 DEFAULT CHARSET=utf8;

/*Data for the table `t_tenant` */

insert  into `t_tenant`(`tenant_id`,`tenant_name`,`tenant_acount`,`password`,`credentials_type`,`credentials_code`,`tenant_pic`,`phone`,`contract_id`,`status`,`credit`,`remark`,`create_time`) values (1,'xxl','admin','123456',1,'3607311993',NULL,'15359253734',101,1,'700',NULL,'2019-08-22 16:11:44'),(2,'qwe','qwe1','123456',4,'363555',NULL,'15356263839',102,0,'10',NULL,'2019-08-23 16:24:48'),(3,'sds','sdsad','sfdsf',2,'3535353',NULL,'15623145625',103,1,'600',NULL,'2019-08-20 16:25:29'),(4,'dff','dfg','gfg',2,'35353',NULL,'15356894523',104,1,'800',NULL,'2019-08-22 16:26:13'),(5,'admin','admin0','253535',0,'58587585',NULL,'13625255365',105,1,'870',NULL,'2019-08-22 16:27:29'),(6,'test','test0','43535',1,'253535',NULL,'13665555555',106,0,'10',NULL,'2019-08-22 16:28:24');

/*Table structure for table `t_user` */

DROP TABLE IF EXISTS `t_user`;

CREATE TABLE `t_user` (
  `USER_ID` bigint(20) NOT NULL AUTO_INCREMENT COMMENT '用户ID',
  `USERNAME` varchar(50) NOT NULL COMMENT '用户名',
  `PASSWORD` varchar(128) NOT NULL COMMENT '密码',
  `DEPT_ID` bigint(20) DEFAULT NULL COMMENT '部门ID',
  `EMAIL` varchar(128) DEFAULT NULL COMMENT '邮箱',
  `MOBILE` varchar(20) DEFAULT NULL COMMENT '联系电话',
  `STATUS` char(1) NOT NULL COMMENT '状态 0锁定 1有效',
  `CREATE_TIME` datetime NOT NULL COMMENT '创建时间',
  `MODIFY_TIME` datetime DEFAULT NULL COMMENT '修改时间',
  `LAST_LOGIN_TIME` datetime DEFAULT NULL COMMENT '最近访问时间',
  `SSEX` char(1) DEFAULT NULL COMMENT '性别 0男 1女 2保密',
  `IS_TAB` char(1) DEFAULT NULL COMMENT '是否开启tab，0关闭 1开启',
  `THEME` varchar(10) DEFAULT NULL COMMENT '主题',
  `AVATAR` varchar(100) DEFAULT NULL COMMENT '头像',
  `DESCRIPTION` varchar(100) DEFAULT NULL COMMENT '描述',
  PRIMARY KEY (`USER_ID`) USING BTREE
) ENGINE=InnoDB AUTO_INCREMENT=12 DEFAULT CHARSET=utf8 ROW_FORMAT=DYNAMIC COMMENT='用户表';

/*Data for the table `t_user` */

insert  into `t_user`(`USER_ID`,`USERNAME`,`PASSWORD`,`DEPT_ID`,`EMAIL`,`MOBILE`,`STATUS`,`CREATE_TIME`,`MODIFY_TIME`,`LAST_LOGIN_TIME`,`SSEX`,`IS_TAB`,`THEME`,`AVATAR`,`DESCRIPTION`) values (1,'MrBird','cb62ad1497597283961545d608f80241',1,'mrbird@qq.com','17788888888','1','2019-06-14 20:39:22','2019-06-14 20:44:42','2019-08-03 17:58:36','0','1','white','cnrhVkzwxjPwAaCfPbdc.png','我是帅比作者。'),(2,'Scott','1d685729d113cfd03872f154939bee1c',10,'scott@gmail.com','17722222222','1','2019-06-14 20:55:53','2019-06-14 21:05:43','2019-06-14 21:05:47','0','1','black','gaOngJwsRYRaVAuXXcmB.png','我是scott。'),(4,'Micaela','9f2daa2c7bed6870fcbb5b9a51d6300e',10,'Micaela@163.com','17733333333','1','2019-06-14 21:10:13','2019-06-14 21:11:26','2019-06-14 21:10:37','0','0','white','20180414165909.jpg','我叫米克拉'),(5,'Jana','176679b77b3c3e352bd3b30ddc81083e',8,'Jana@126.com','17744444444','1','2019-06-14 21:12:16','2019-06-14 21:12:52','2019-06-14 21:12:32','1','1','white','20180414165821.jpg','大家好，我叫简娜'),(6,'Georgie','dffc683378cdaa015a0ee9554c532225',3,'Georgie@qq.com','17766666666','0','2019-06-14 21:15:09','2019-06-14 21:16:25','2019-06-14 21:16:11','2','0','black','BiazfanxmamNRoxxVxka.png','生产执行rm -rf *，账号封禁T T'),(7,'Margot','31379841b9f4bfde22b8b40471e9a6ce',9,'Margot@qq.com','13444444444','1','2019-06-14 21:17:53','2019-06-14 21:18:59','2019-06-14 21:18:07','1','1','white','20180414165834.jpg','大家好我叫玛戈'),(9,'xxl1015','5c9ca82472f676383bf240a77ef278f6',1,'928464575@qq.com','15359253734','1','2019-08-03 18:01:02','2019-09-03 16:17:56','2019-09-09 16:30:07','0','1','black','cnrhVkzwxjPwAaCfPbdc.png','程序员'),(10,'makelxl','68eb1561b26d00ca088c722de567353b',2,'lxl@163.com','15565666566','1','2019-08-05 09:48:59',NULL,NULL,'0','1','black','default.jpg','lxl'),(11,'test123','df6fcc8d75bce266d63b54638badfe86',1,'','','1','2019-08-05 09:50:38',NULL,'2019-08-05 09:51:44','0','1','black','default.jpg','');

/*Table structure for table `t_user_role` */

DROP TABLE IF EXISTS `t_user_role`;

CREATE TABLE `t_user_role` (
  `ID` bigint(20) NOT NULL AUTO_INCREMENT,
  `USER_ID` bigint(20) NOT NULL COMMENT '用户ID',
  `ROLE_ID` bigint(20) NOT NULL COMMENT '角色ID',
  PRIMARY KEY (`ID`)
) ENGINE=InnoDB AUTO_INCREMENT=29 DEFAULT CHARSET=utf8 ROW_FORMAT=DYNAMIC COMMENT='用户角色关联表';

/*Data for the table `t_user_role` */

insert  into `t_user_role`(`ID`,`USER_ID`,`ROLE_ID`) values (1,1,1),(2,2,2),(4,4,78),(5,5,79),(6,6,80),(7,7,78),(8,7,79),(9,7,80),(11,9,1),(12,9,2),(13,9,77),(14,9,78),(15,9,79),(16,9,80),(17,10,1),(18,10,2),(19,10,77),(20,10,78),(21,10,79),(22,10,80),(23,11,1),(24,11,2),(25,11,77),(26,11,78),(27,11,79),(28,11,80);

/*Table structure for table `t_village` */

DROP TABLE IF EXISTS `t_village`;

CREATE TABLE `t_village` (
  `village_id` bigint(20) NOT NULL AUTO_INCREMENT COMMENT '小区编号id(小区标识)',
  `village_name` varchar(30) DEFAULT NULL COMMENT '小区名称',
  `village_address` varchar(100) DEFAULT NULL COMMENT '所在市/区、小区地址',
  `village_type` int(1) DEFAULT NULL COMMENT '小区类型(0集中式、1分散式、2其它)',
  `building_num` int(5) DEFAULT NULL COMMENT '楼栋数量',
  `room_num` int(5) DEFAULT NULL COMMENT '房间数量',
  `charge` varchar(15) DEFAULT NULL COMMENT '负责人',
  `charge_phone` varchar(11) DEFAULT NULL COMMENT '负责人电话',
  `jw` varchar(50) DEFAULT NULL COMMENT '经度、纬度',
  `charge_pic` varchar(100) DEFAULT NULL COMMENT '负责人头像',
  `village_pic` varchar(100) DEFAULT NULL COMMENT '小区图片(一张2M以下)',
  `village_orther` varchar(100) DEFAULT NULL COMMENT '小区配套：动态添加10个以内，如XX医院、学校等(以逗号隔开)',
  `village_msg` varchar(250) DEFAULT NULL COMMENT '小区简介：250字节以内',
  `create_by` varchar(15) DEFAULT NULL COMMENT '创建者',
  `create_time` datetime DEFAULT NULL COMMENT '创建时间',
  `update_by` varchar(15) DEFAULT NULL COMMENT '更新者',
  `update_time` datetime DEFAULT NULL COMMENT '更新时间',
  `del_flag` int(1) DEFAULT '0' COMMENT '删除标志（0代表存在 1代表删除）',
  PRIMARY KEY (`village_id`)
) ENGINE=InnoDB AUTO_INCREMENT=8 DEFAULT CHARSET=utf8;

/*Data for the table `t_village` */

insert  into `t_village`(`village_id`,`village_name`,`village_address`,`village_type`,`building_num`,`room_num`,`charge`,`charge_phone`,`jw`,`charge_pic`,`village_pic`,`village_orther`,`village_msg`,`create_by`,`create_time`,`update_by`,`update_time`,`del_flag`) values (1,'孙厝小区','乐安东里',1,200,2000,'admin','15359253632','12.32；30.21',NULL,'D://village.jpg','学校、医院、公园、地铁','小区很好','admin','2019-09-02 16:14:25',NULL,NULL,0),(3,'dgfdgf','gfdgfdgdfgfdg',0,0,0,'ddfgdf','15359253683',NULL,'','',NULL,NULL,NULL,NULL,NULL,NULL,0),(4,'ddfdgf','fdgfddgfdg',0,20,100,'dfgdfg','1535954544',NULL,'','',NULL,'dfgffdg',NULL,'2019-09-03 17:16:25',NULL,NULL,0),(5,'fgdfgfg','dgfdgfdg',0,20,100,'fdgfdg','15687856786',NULL,'','',NULL,'dfgfdgdf',NULL,'2019-09-03 17:19:59',NULL,NULL,0),(6,'sdgfg','fdgfdgfd',0,20,100,'dfgfdgfd','1565645645',NULL,'','',NULL,'fdgfdgfd','xxl1015','2019-09-03 17:20:29',NULL,NULL,0),(7,'rr','rrrrrrrr',0,20,100,'rr','153355558',NULL,'','',NULL,'rrrr',NULL,'2019-09-07 17:22:18',NULL,NULL,0);

/* Function  structure for function  `findDeptChildren` */

/*!50003 DROP FUNCTION IF EXISTS `findDeptChildren` */;
DELIMITER $$

/*!50003 CREATE DEFINER=`root`@`localhost` FUNCTION `findDeptChildren`(rootId INT) RETURNS varchar(4000) CHARSET utf8
BEGIN
    DECLARE sTemp VARCHAR(4000);
    DECLARE sTempChd VARCHAR(4000);
    SET sTemp = '$';
    SET sTempChd = CAST(rootId as CHAR);
    WHILE sTempChd is not null DO
        SET sTemp = CONCAT(sTemp,',',sTempChd);
    SELECT GROUP_CONCAT(dept_id) INTO sTempChd FROM t_dept
    WHERE FIND_IN_SET(parent_id,sTempChd)>0;
END WHILE;
RETURN sTemp;
END */$$
DELIMITER ;

/* Function  structure for function  `findMenuChildren` */

/*!50003 DROP FUNCTION IF EXISTS `findMenuChildren` */;
DELIMITER $$

/*!50003 CREATE DEFINER=`root`@`localhost` FUNCTION `findMenuChildren`(rootId INT) RETURNS varchar(4000) CHARSET utf8
BEGIN
    DECLARE sTemp VARCHAR(4000);
    DECLARE sTempChd VARCHAR(4000);
    SET sTemp = '$';
    SET sTempChd = CAST(rootId as CHAR);
    WHILE sTempChd is not null DO
        SET sTemp = CONCAT(sTemp,',',sTempChd);
    SELECT GROUP_CONCAT(menu_id) INTO sTempChd FROM t_menu
    WHERE FIND_IN_SET(parent_id,sTempChd)>0;
END WHILE;
RETURN sTemp;
END */$$
DELIMITER ;

/* Function  structure for function  `findVillageChildren` */

/*!50003 DROP FUNCTION IF EXISTS `findVillageChildren` */;
DELIMITER $$

/*!50003 CREATE DEFINER=`root`@`localhost` FUNCTION `findVillageChildren`(rootId INT) RETURNS varchar(4000) CHARSET utf8
BEGIN
    DECLARE sTemp VARCHAR(4000);
    DECLARE sTempChd VARCHAR(4000);
    SET sTemp = '$';
    SET sTempChd = CAST(rootId as CHAR);
    WHILE sTempChd is not null DO
        SET sTemp = CONCAT(sTemp,',',sTempChd);
    SELECT GROUP_CONCAT(menu_id) INTO sTempChd FROM t_menu
    WHERE FIND_IN_SET(parent_id,sTempChd)>0;
END WHILE;
RETURN sTemp;
END */$$
DELIMITER ;

/*!40101 SET SQL_MODE=@OLD_SQL_MODE */;
/*!40014 SET FOREIGN_KEY_CHECKS=@OLD_FOREIGN_KEY_CHECKS */;
/*!40014 SET UNIQUE_CHECKS=@OLD_UNIQUE_CHECKS */;
/*!40111 SET SQL_NOTES=@OLD_SQL_NOTES */;
